event_time,duration
1238167133.45312,1.5
1238169066.23438,1.5
1238168509.5625,1.25
1238166442.53906,1.75
1238168477.29688,0.75
1238168423.64062,0.75
1238166269.64062,1.91991996765137
1238166446.9375,1.78565001487732
1238166777.20312,1.38085997104645
1238166470.64062,1.75
1238168516.37891,1.25
1238169552.65625,1.55981004238129
1238167871.98438,1.3125
1238168416.61719,1.25
1238169075.625,2.0
1238167135.35156,0.1875
1238168481.91406,0.592769980430603
1238168428.48438,1.0
1238166472.82031,1.0
1238167559.94531,1.47168004512787
1238166093.1875,2.0
1238166259.92969,1.375
1238166262.11719,2.0
1238167145.82031,1.25
1238167447.85156,0.503419995307922
1238166086.20312,0.875
1238167886.03906,2.125
1238166439.96875,1.25
1238168421.22656,1.09570002555847
1238168335.8125,1.5
1238167192.21875,1.5
1238169063.5625,1.32324004173279
1238167413.15625,1.61767995357513
1238168652.40625,1.60155999660492
1238167848.76562,1.0
1238166250.23438,1.54688000679016
1238168328.92969,1.25
1238169794.0625,1.25
1238168277.64844,1.0
1238166913.3125,1.77539002895355
1238166444.73438,1.38037002086639
1238167728.79688,1.375
1238167715.23438,1.12963998317719
1238166257.27344,2.25
1238169072.98438,1.75
1238169081.95312,1.0
1238168338.4375,1.5
1238167836.91406,1.57811999320984
1238166112.10938,0.5625
1238168418.80469,1.0
1238168511.875,1.25
1238166248.05469,1.52929997444153
1238169263.9375,4.27233982086182
1238168333.5625,1.25
1238168109.03125,6.125
1238166271.5625,1.875
1238166252.42188,1.375
1238166291.85938,1.92944002151489
1238169070.82031,1.5927699804306
1238167096.92188,0.75
1238166255.08594,1.375
1238176334.39844,1.10938000679016
1238176346.69531,2.10863995552063
1238177884.04688,1.08594000339508
1238177641.09375,1.0
1238177886.375,1.25
1238176841.42969,1.25
1238176820.875,1.25
1238176937.0625,1.18945002555847
1238177343.78125,2.74707007408142
1238176115.24219,0.75
1238175766.5625,1.82519996166229
1238175995.07031,1.10938000679016
1238176986.5625,1.0
1238175953.02344,1.31029999256134
1238176355.89062,1.375
1238177235.9375,12.5292997360229
1238176325.4375,1.0
1238176984.125,1.48144996166229
1238176837.07031,1.25
1238176344.51562,1.125
1238176332.20312,2.17139005661011
1238176851.10938,1.125
1238176818.70312,1.58325004577637
1238177654.48438,1.55859005451202
1238175990.24219,1.08153998851776
1238176339.70312,1.25
1238177706.32812,0.75
1238176977.78906,1.25
1238177964.40625,0.982420027256012
1238176988.74219,0.939819991588593
1238176107.9375,1.0
1238176848.625,1.25
1238176110.64844,1.15625
1238177050.5625,1.25
1238175764.1875,1.0
1238175946.47656,1.45752000808716
1238177648.1875,1.25829994678497
1238176106.05469,1.259889960289
1238175997.375,1.33545005321503
1238176145.08594,0.75
1238175757.0625,1.0
1238176353.26562,4.25
1238178590.82031,0.875
1238179651.15625,1.71875
1238176283.375,16.25
1238176341.88281,1.0
1238178407.70312,0.625
1238178909.375,1.75
1238179655.625,1.5
1238178403.51562,1.625
1238178083.1875,1.0
1238178344.51562,0.928709983825684
1238178342.54688,0.1875
1238178162.0625,1.5563999414444
1238179648.6875,1.39844000339508
1238178472.78906,1.00317001342773
1238179497.9375,1.34375
1238178474.98438,1.0
1238179453.64062,1.0
1238178078.73438,1.25
1238178173.6875,1.5
1238178164.25781,1.5
1238179179.875,1.75
1238178159.625,1.78612995147705
1238178409.67188,0.375
1238178048.5625,0.75
1238178564.90625,1.51221001148224
1238178080.42969,1.25
1238178405.72656,1.0
1238178349.35156,0.566410005092621
1238181334.53906,1.75
1238181481.9375,9.5
1238180470.67188,0.59154999256134
1238181331.89844,2.43957996368408
1238181209.90625,1.375
1238182413.01562,1.65625
1238181329.71094,0.749019980430603
1238181212.64844,3.71192002296448
1238183378.54688,1.0
1238183214.88281,1.0
1238182417.33594,1.04394996166229
1238182415.17188,0.9375
1238181906.8125,2.0
1238183273.25781,1.05614995956421
1238183275.91406,1.5
1238182325.35938,1.09765994548798
1238183266.27344,0.92577999830246
1238183373.71094,1.25
1238183268.88281,1.25
1238183271.07031,1.29199004173279
1238183385.54688,1.34570002555847
1238182203.86719,1.25
1238183392.54688,0.5625
1238181767.3125,1.5
1238183326.79688,0.375
1238183383.36719,0.75
1238182309.1875,1.5
1238182737.1875,1.62073004245758
1238183278.10938,2.00292992591858
1238182327.79688,1.53125
1238182210.6875,1.0
1238181920.78125,1.0
1238183375.92188,1.27245998382568
1238183381.17188,1.11035001277924
1238184193.5625,1.25
1238182962.22656,0.75
1238183388.20312,0.75
1238185332.4375,1.52344000339508
1238184409.9375,1.31543004512787
1238184189.32812,2.04590010643005
1238184237.58594,0.4375
1238184191.54688,1.27295005321503
1238184402.92188,1.0
1238183919.21875,1.75
1238183819.9375,1.25
1238183917.14062,0.9375
1238183817.6875,1.5
1238183926.5625,1.5
1238183921.73438,2.35254001617432
1238184552.3125,4.17577981948853
1238186250.6875,1.5
1238183717.40625,1.5117199420929
1238186237.1875,1.5
1238186630.8125,1.50635004043579
1238185867.03125,1.03710997104645
1238187642.91406,1.125
1238186596.10938,0.622070014476776
1238187524.58594,1.15234005451202
1238185873.9375,1.53710997104645
1238187906.88281,3.03125
1238188062.96875,1.41991996765137
1238187911.47656,1.0
1238188638.125,3.92188000679016
1238191507.60938,0.875
1238187509.67188,1.82227003574371
1238187909.10938,1.375
1238188165.8125,1.45311999320984
1238191514.14062,1.125
1238191116.625,1.5
1238191342.59375,4.35547018051147
1238191509.76562,0.939450025558472
1238191472.6875,1.74609005451202
1238191107.35156,2.00292992591858
1238191525.98438,0.741209983825684
1238191518.9375,1.5
1238191516.29688,1.125
1238191511.95312,3.0117199420929
1238203054.79688,1.75
1238202432.0625,2.0
1238203004.35938,1.02344000339508
1238223708.95312,0.4375
1238223822.98438,5.03809022903442
1238202992.5625,1.0
1238203059.39844,1.25
1238202874.6875,4.0
1238203061.60156,1.28125
1238203045.99219,1.125
1238203049.95312,1.51806998252869
1238203057.42188,1.32030999660492
1238203047.74219,1.62304997444153
1238203052.57812,1.25
1238203456.875,4.0
1238223647.13281,1.10938000679016
1238223818.17188,2.00329995155334
1238237762.35938,1.125
1238238823.38281,1.25
1238238006.4375,1.64844000339508
1238237797.17188,1.0625
1238237778.79688,0.765619993209839
1238237767.17188,1.25
1238237772.01562,1.375
1238237973.67969,0.5
1238237776.82812,1.375
1238237764.8125,1.5
1238239642.1875,1.0
1238238013.14062,0.375
1238237774.19531,1.25
1238239475.02344,1.25
1238239902.70312,2.25
1238240196.03906,1.3125
1238239791.46875,0.8125
1238239911.875,1.29785001277924
1238239330.6875,0.832520008087158
1238239639.8125,1.5
1238240187.04688,1.875
1238240241.39844,0.25
1238239907.29688,1.27734005451202
1238239404.88281,1.5
1238240238.77344,1.0
1238239909.48438,1.25
1238242691.70312,1.0
1238240189.23438,1.75
1238242121.79688,1.06787002086639
1238242301.1875,1.66919004917145
1238241915.8125,1.5
1238242059.98438,0.75
1238242308.33594,1.125
1238242532.26562,2.11913990974426
1238242553.3125,1.3125
1238242133.125,1.25
1238241911.1875,2.28612995147705
1238242534.42969,1.01989996433258
1238242472.24219,1.25
1238241913.45312,1.25
1238241620.17188,0.875
1238242775.47656,1.28612995147705
1238242478.9375,1.25
1238241918.30469,1.80932998657227
1238242112.32812,1.25
1238241622.36719,1.37548995018005
1238241997.10156,2.1992199420929
1238244300.92188,1.21875
1238244162.57812,1.5
1238244305.74219,1.75
1238244160.40625,1.375
1238243533.625,1.25
1238244167.0625,1.75390994548798
1238244309.88281,1.50635004043579
1238244303.10938,1.6992199420929
1238244181.375,1.5
1238244176.85156,1.5
1238244312.5625,2.51854991912842
1238243771.17188,0.375
1238240191.88281,2.0
1238243686.52344,1.12890994548798
1238244314.48438,1.625
1238243740.45312,0.5
1238244179.05469,1.0
1238246783.32812,1.125
1238244298.4375,2.12597990036011
1238243447.8125,1.25
1238244174.20312,1.91065001487732
1238244296.07812,2.41406011581421
1238247191.08594,0.5
1238246785.51562,1.0
1238247841.77344,1.78930997848511
1238246998.39062,1.32324004173279
1238245662.375,1.25
1238244562.39062,1.87109005451202
1238247531.29688,0.802739977836609
1238244555.38281,0.9375
1238245546.47656,0.625
1238246969.9375,1.25
1238247695.73438,1.09179997444153
1238246796.92188,0.334960013628006
1238247787.41406,1.39600002765656
1238247654.60938,0.972660005092621
1238247693.54688,1.125
1238247790.04688,1.0625
1238246787.71094,1.5
1238245657.625,2.25
1238247785.67188,0.885739982128143
1238244794.3125,1.42383003234863
1238244789.92188,1.25
1238245650.875,3.0
1238247001.02344,1.0
1238247934.26562,3.25
1238247003.20312,1.0
1238244560.22656,1.09375
1238247792.24219,1.375
1238247762.48438,0.25
1238248612.5625,1.0998500585556
1238246780.59375,1.49219000339508
1238247759.82812,0.25
1238244792.10938,1.125
1238248288.50781,1.0
1238248650.125,1.5
1238247794.89062,1.375
1238246996.17969,1.61425995826721
1238246172.5625,0.75
1238248654.5625,1.32811999320984
1238248285.83594,1.94530999660492
1238266066.01562,1.0625
1238265851.48438,0.875
1238266308.78906,0.626219987869263
1238265799.19531,1.25
1238265445.67188,1.3125
1238265195.1875,1.25
1238265292.23438,0.922609984874725
1238265540.32031,0.125
1238265785.40625,1.03905999660492
1238265966.125,2.06152009963989
1238265853.70312,1.02759003639221
1238265789.54688,1.27245998382568
1238265787.11719,1.25
1238264876.24219,5.25
1238265440.82812,1.25
1238266313.17188,0.939450025558472
1238265683.78125,1.0
1238266315.35938,0.5
1238265856.32812,0.375
1238264871.24219,2.0
1238266320.19531,0.779789984226227
1238266271.32812,1.57129001617432
1238266324.54688,1.0
1238265199.82812,1.625
1238265435.98438,1.125
1238265529.39062,0.5
1238266334.24219,0.878910005092621
1238265475.45312,1.125
1238265848.85938,1.34423995018005
1238268114.39062,0.75
1238268007.89062,1.25
1238267739.21094,1.01561999320984
1238267081.0625,0.75
1238266376.32812,1.09375
1238267868.03906,12.5219697952271
1238267889.49219,0.375
1238268010.375,1.25
1238268109.54688,1.36035001277924
1238267702.1875,2.36425995826721
1238267938.60938,0.625
1238267914.92188,0.410160005092621
1238267316.89062,1.28808999061584
1238266961.44531,1.90771996974945
1238266681.42188,0.75
1238267734.83594,1.68103003501892
1238267195.10938,2.375
1238267856.52344,0.625
1238268042.54688,5.875
1238267073.76562,1.0625
1238268095.51562,0.726069986820221
1238267505.61719,3.375
1238266678.76562,1.25
1238267826.70312,1.21875
1238266916.07812,0.75
1238268116.54688,1.25
1238267861.35938,0.793950021266937
1238266650.6875,1.96703994274139
1238268119.20312,0.625
1238266861.4375,3.0
1238266674.39844,2.39159989356995
1238268000.86719,1.01812994480133
1238267994.32031,1.0
1238267564.80469,0.75
1238268047.42188,1.5
1238267828.64062,0.875
1238266777.48438,1.11559998989105
1238267078.60938,2.5214900970459
1238267998.67188,0.8125
1238267503.82031,1.1240199804306
1238266378.51562,1.51464998722076
1238269182.57812,1.79102003574371
1238268618.10938,0.955079972743988
1238268629.45312,3.11156988143921
1238269341.86719,0.90625
1238269057.97656,1.66308999061584
1238269339.46094,0.84375
1238268617.07812,0.375
1238269535.91406,0.375
1238268615.17188,0.25
1238268263.125,2.53125
1238269228.36719,1.25
1238268634.32812,0.875
1238269185.375,1.41015994548798
1238268882.82812,1.25
1238268231.07812,3.30127000808716
1238268259.67188,2.14502000808716
1238268729.92188,4.28125
1238268946.5625,1.61278998851776
1238269047.07812,1.0625
1238269044.17188,0.757809996604919
1238268631.64844,1.0625
1238270292.46094,0.5
1238269768.375,2.10132002830505
1238270146.07812,1.96045005321503
1238271481.07031,3.15625
1238271485.45312,4.02343988418579
1238269334.85156,1.00195002555847
1238268751.42188,1.55566000938416
1238268624.60938,1.625
1238268198.67188,14.0
1238268867.11719,0.5
1238268620.01562,1.06128001213074
1238269327.85156,0.757319986820221
1238269042.23438,1.37695002555847
1238269479.35938,1.05322003364563
1238270320.54688,1.14478003978729
1238270349.10938,0.689939975738525
1238269935.35938,1.72460997104645
1238271300.9375,1.0
1238270290.1875,1.19433999061584
1238270672.375,6.82483005523682
1238269062.57031,0.375
1238270297.30469,0.882809996604919
1238271446.01562,0.814450025558472
1238271631.375,1.26733994483948
1238270318.35938,0.25
1238271090.875,3.0507800579071
1238271363.27344,5.25
1238270252.9375,1.0
1238270353.95312,0.553709983825684
1238269940.19531,0.615230023860931
1238271717.14062,1.25
1238270113.39844,0.625
1238273780.4375,2.31908988952637
1238272530.1875,1.32811999320984
1238272525.47656,2.30310010910034
1238272523.125,1.28125
1238274181.47656,3.25
1238272532.4375,1.21045005321503
1238270299.95312,2.62329006195068
1238271443.8125,2.23633003234863
1238274183.875,4.5
1238271947.64844,6.4375
1238272534.67969,1.0
1238271940.61719,2.125
1238272645.9375,3.0429699420929
1238271943.28906,1.28125
1238271955.14062,1.17528998851776
1238274348.79688,2.19751000404358
1238272241.00781,1.91504001617432
1238273571.04688,1.51855003833771
1238274350.73438,1.125
1238271952.47656,0.875
1238272187.8125,3.07715010643005
1238274061.1875,3.49780011177063
1238273480.125,2.1367199420929
1238272528.0625,1.25
1238276345.64062,2.07324004173279
1238276352.89062,2.14794993400574
1238275199.75781,0.51172000169754
1238276911.8125,3.25
1238275749.625,5.75
1238276350.45312,1.5
1238276053.6875,2.5
1238276847.3125,2.75
1238275562.6875,2.5
1238276633.21875,3.32520008087158
1238276933.3125,2.56542992591858
1238275565.8125,3.0
1238275575.6875,3.25
1238277312.375,2.75
1238276355.29688,1.52344000339508
1238277290.875,2.7063000202179
1238277127.6875,2.5
1238277206.875,3.5
1238277197.375,3.0
1238277123.6875,3.52782988548279
1238277001.17188,1.00293004512787
1238277134.3125,8.32715034484863
1238291736.1875,6.04101991653442
1238291832.71875,2.06347990036011
1238277236.35938,2.47754001617432
1238292922.625,6.25
1238292830.5625,1.75
1238277006.02344,1.9570300579071
1238293012.5625,1.69043004512787
1238291979.17188,4.98827981948853
1238291774.9375,2.1054699420929
1238277210.625,2.51659989356995
1238295038.6875,5.58643007278442
1238291446.9375,1.54981005191803
1238292189.0625,10.4287099838257
1238291894.0625,1.5
1238291700.6875,1.5
1238292827.4375,1.56006002426147
1238292583.9375,2.8339900970459
1238292836.5625,1.70311999320984
1238294472.72656,1.91112995147705
1238293368.5625,2.0
1238294148.375,7.50684022903442
1238294521.80469,1.25
1238294638.89062,1.75
1238293242.8125,3.25
1238294394.89844,3.27002000808716
1238294206.07812,0.75
1238293834.59375,4.0
1238294643.125,15.0
1238294773.125,2.53906011581421
1238294938.6875,1.75
1238295312.3125,2.05762004852295
1238296900.1875,2.42870998382568
1238296467.0625,3.17188000679016
1238295910.125,3.75
1238298095.0625,1.75
1238297051.4375,2.69237995147705
1238296090.8125,6.91845989227295
1238296902.96875,3.26415991783142
1238296034.5625,9.5
1238297754.4375,4.50243997573853
1238316391.71875,3.67529010772705
1238299404.125,3.15429997444153
1238300103.625,2.5
1238299733.875,4.01562023162842
1238302409.625,2.93347001075745
1238319922.82812,1.75293004512787
1238317758.54688,10.1679697036743
1238320035.51562,6.59766006469727
1238319354.89062,3.93114995956421
1238321477.57812,4.22522020339966
1238321046.4375,1.25
1238319359.5625,1.28125
1238319929.60938,1.75
1238326222.73438,3.5
1238324764.14062,1.75
1238326227.5625,1.75
1238326706.92188,0.375
1238326720.70312,1.25
1238325920.3125,1.0
1238326713.67188,1.375
1238326718.51562,1.25
1238326213.375,1.64061999320984
1238328899.85938,1.36742997169495
1238326716.35938,1.0
1238326711.75781,1.125
1238328594.76562,1.13085997104645
1238328901.79688,1.4563000202179
1238328695.64844,2.00292992591858
1238328728.5625,1.20728003978729
1238328471.70312,1.7751499414444
1238328100.88281,1.67358005046844
1238327438.77344,0.1875
1238328909.28906,0.726069986820221
1238328731.23438,1.125
1238328709.625,1.25
1238328716.73438,1.99962997436523
1238328911.48438,1.24414002895355
1238328873.23438,1.45410001277924
1238328436.58594,1.97985994815826
1238329153.07812,1.51488995552063
1238328427.64062,0.720700025558472
1238328896.97656,1.25
1238330836.97656,1.0
1238328726.39062,1.4804699420929
1238330435.07812,1.03125
1238330449.11719,1.41747999191284
1238330785.17188,1.67797994613647
1238330453.95312,2.60156011581421
1238330439.92188,1.0
1238330289.0625,1.7561000585556
1238330458.79688,0.880859971046448
1238329539.08594,1.08837997913361
1238330569.85938,0.625
1238329411.39062,1.125
1238329802.17188,1.37817001342773
1238332494.57812,1.25
1238332047.29688,1.25
1238331599.33594,2.8125
1238332310.11719,1.0
1238331596.69531,3.875
1238332698.48438,0.1875
1238331687.39062,0.939450025558472
1238332492.4375,1.0
1238332719.73438,0.197270005941391
1238331591.86719,1.5625
1238332049.47656,1.80370998382568
1238332489.73438,1.5
1238332044.9375,1.125
1238332314.91406,1.39110994338989
1238332484.70312,1.25
1238332331.48438,6.53210020065308
1238333732.0625,1.12793004512787
1238334549.42188,0.75
1238333882.17188,1.2617199420929
1238333524.53906,1.8125
1238333898.60938,2.17284989356995
1238332979.17969,7.08031988143921
1238334629.85938,0.780269980430603
1238333495.17188,1.39623999595642
1238333888.94531,1.16894996166229
1238332986.20312,0.9375
1238334608.78906,1.0
1238333895.73438,0.5625
1238333052.45312,0.75
1238333519.72656,1.46875
1238335532.82812,4.0
1238333378.54688,1.75
1238334481.3125,1.5
1238335639.45312,0.9375
1238334889.35156,0.9375
1238335644.27344,1.0
1238335273.21094,0.5
1238335641.64844,1.125
1238334884.77344,1.5
1238335734.42188,1.25
1238335147.89062,0.5
1238335483.73438,1.75
1238336056.1875,2.00011992454529
1238335481.54688,1.75
1238335419.92188,0.75
1238336058.39844,0.75
1238335847.60938,1.6054699420929
1238335284.79688,1.57129001617432
1238336323.33594,1.25
1238335417.6875,1.25
1238335279.95312,1.17285001277924
1238335275.14062,1.125
1238335697.64062,0.859380006790161
1238335486.39062,2.04590010643005
1238335297.07812,1.54199004173279
1238335852.45312,1.75
1238335289.60938,1.25
1238337547.86719,2.75
1238335170.85938,0.25
1238337236.99219,1.15820002555847
1238336994.6875,2.58056998252869
1238337983.20312,1.40429997444153
1238337672.97656,0.21875
1238337940.67188,1.28173995018005
1238337234.32812,1.03699004650116
1238337223.42188,0.75
1238337215.92188,1.40625
1238339189.23438,1.125
1238337218.375,1.0
1238337550.5625,1.0
1238339551.89844,0.625
1238339184.42188,0.625
1238336574.02344,1.29589998722076
1238337545.23438,1.0
1238337540.85938,1.46533000469208
1238337907.98438,0.875
1238337543.02344,1.46875
1238336571.35938,0.875
1238339166.42188,0.597169995307922
1238339848.3125,3.25
1238339785.82031,1.4882800579071
1238338601.89062,0.875
1238339845.79688,1.24951004981995
1238338625.10938,1.4072300195694
1238339544.86719,1.09154999256134
1238339771.57812,1.625
1238338206.77344,0.45702999830246
1238339196.25781,1.6722400188446
1238338446.82812,1.0
1238338329.26562,1.75
1238338627.54688,1.50195002555847
1238339813.39062,0.25
1238339756.8125,1.32886004447937
1238339759.45312,1.28125
1238338513.82031,1.6061999797821
1238338382.96094,1.25
1238339307.9375,1.07519996166229
1238338197.57812,2.09082007408142
1238341527.89062,0.815429985523224
1238338629.95312,1.58837997913361
1238339774.01562,1.125
1238340279.02344,1.36731004714966
1238339991.96094,0.851559996604919
1238341485.74219,0.75
1238340762.92188,0.25
1238339549.70312,3.0
1238339859.82031,0.625
1238339191.86719,1.20214998722076
1238339802.00781,0.125
1238340150.99219,0.875
1238340758.07812,0.4375
1238341268.32812,1.6572300195694
1238341373.85938,8.5
1238340685.69531,1.46387004852295
1238341075.57812,1.25
1238340264.98438,1.08520996570587
1238341504.82812,1.125
1238340933.60156,1.46679997444153
1238341729.01562,1.55956995487213
1238340357.64062,0.25
1238340753.20312,0.703119993209839
1238339980.39062,1.375
1238339982.82812,0.9375
1238341270.49219,1.0
1238341822.26562,1.95019996166229
1238341066.1875,1.25
1238341073.14062,1.25
1238341502.125,1.125
1238340936.26562,1.01758003234863
1238341263.70312,1.4570300579071
1238342657.30469,1.39745998382568
1238341070.51562,1.375
1238342258.98438,1.0
1238341483.57812,1.34765994548798
1238341442.77344,2.25195002555847
1238339977.95312,1.36572003364563
1238342041.07031,5.0
1238342036.70312,0.883790016174316
1238342263.79688,1.5
1238344908.125,1.375
1238342019.98438,0.625
1238341980.57812,1.05859005451202
1238342027.03906,0.916019976139069
1238342261.60938,1.25
1238342038.42188,1.5927699804306
1238342022.17188,0.98827999830246
1238342029.69531,1.06493997573853
1238345022.20312,0.912109971046448
1238344910.45312,1.25585997104645
1238345395.50781,1.0
1238344891.9375,0.96875
1238344912.64844,1.0
1238344354.375,1.25
1238345413.92188,0.75
1238344894.125,3.83765006065369
1238344931.27344,0.6875
1238344889.89062,1.1875
1238344204.90625,3.75
1238345127.14062,1.5
1238345031.89062,1.21581995487213
1238345301.54688,1.35961997509003
1238344905.85938,1.0
1238344929.35938,1.125
1238344514.9375,1.4697300195694
1238345017.86719,1.6875
1238345024.85938,2.94164991378784
1238344933.9375,1.34375
1238345580.0625,1.80664002895355
1238344765.59375,1.02489995956421
1238345575.98438,1.29785001277924
1238346046.92188,1.64844000339508
1238346060.74219,1.3125
1238346198.625,1.0
1238345582.78906,0.66295999288559
1238345578.1875,1.0
1238346007.20312,1.39014005661011
1238346056.35938,4.28612995147705
1238346063.125,1.26561999320984
1238345975.26562,1.25365996360779
1238345573.79688,0.1875
1238346058.29688,1.25
1238349910.17188,0.875
1238350041.45312,1.08398997783661
1238350447.07031,0.782230019569397
1238350060.10938,1.65381002426147
1238349805.47656,1.1757800579071
1238349833.29688,0.875
1238349912.35938,0.75
1238349807.41406,1.25487995147705
1238350048.23438,1.56445002555847
1238349901.23438,0.1875
1238350735.70312,1.89904999732971
1238350020.19531,1.25
1238349884.51562,1.0134299993515
1238349908.01562,1.125
1238350027.23438,1.375
1238350328.26562,1.3242199420929
1238349926.01562,2.33104991912842
1238350025.04688,1.5
1238349810.32812,1.84570002555847
1238350565.9375,1.375
1238350064.70312,1.39355003833771
1238349838.14062,0.390619993209839
1238350061.79688,1.125
1238350738.35938,1.125
1238350290.35938,2.0
1238350066.64062,0.90294998884201
1238350029.3125,2.23877000808716
1238354381.14844,0.819339990615845
1238349903.17188,0.984380006790161
1238354393.01562,1.13574004173279
1238350902.45312,0.875
1238352581.14844,0.84375
1238352385.95312,0.919920027256012
1238352576.32812,0.90625
1238353316.80469,2.132080078125
1238351326.01562,3.07811999320984
1238351103.05469,0.375
1238351779.33594,1.3125
1238350935.85938,1.25
1238351611.58594,1.125
1238353596.10156,1.25
1238352529.39062,1.14502000808716
1238352724.85156,1.46533000469208
1238352729.70312,0.875
1238354295.32812,1.0
1238351620.24219,1.71581995487213
1238351627.77344,0.1875
1238350979.70312,1.25
1238352722.95312,1.38477003574371
1238350811.60156,1.37304997444153
1238351618.08594,0.543210029602051
1238352780.51562,0.25
1238352163.20312,1.07813000679016
1238352149.23438,0.435059994459152
1238353182.42188,3.1875
1238350806.77344,1.07324004173279
1238352694.14844,0.4375
1238354388.17188,0.515619993209839
1238352170.48438,1.52611994743347
1238350981.89844,1.375
1238353607.73438,0.75
1238353412.85938,1.42089998722076
1238351416.86719,0.415039986371994
1238353366.32812,1.0
1238351861.16406,1.0
1238351060.00781,1.625
1238352734.54688,0.75
1238353361.48438,0.875
1238352343.92188,1.25060999393463
1238353593.67969,0.875
1238354386.01562,0.778320014476776
1238351056.07031,0.375
1238353091.67188,1.25
1238350989.36719,0.75
1238352346.10156,1.375
1238353474.20312,0.452149987220764
1238350984.53906,0.5
1238354390.8125,1.0
1238354085.53125,0.75
1238352599.10938,1.21875
1238351064.82031,3.0
1238353485.07812,2.18701004981995
1238350928.32812,0.913089990615845
1238353005.47656,1.59179997444153
1238354083.70312,3.25
1238353565.64062,1.25243997573853
1238353187.25781,1.44335997104645
1238353619.32812,0.875
1238351800.20312,3.5
1238352533.75781,1.14208996295929
1238350939.72656,1.125
1238350926.17188,0.75
1238351205.58594,4.02380990982056
1238352002.51562,2.125
1238353368.50781,1.61133003234863
1238350977.97656,1.41541004180908
1238352731.64062,1.125
1238352154.47656,1.0322300195694
1238354838.25781,0.75
1238353750.82812,0.640619993209839
1238351997.26562,1.89061999320984
1238350793.17969,0.75
1238355122.57812,1.55762004852295
1238355079.79688,1.4677699804306
1238354777.21094,1.1992199420929
1238355132.23438,0.25
1238355529.54688,1.0
1238354765.35156,1.3125
1238355859.73438,1.16308999061584
1238355019.92969,1.0195300579071
1238355323.86719,1.25
1238355076.95312,1.01514005661011
1238355017.5625,1.75378000736237
1238355117.73438,1.22156000137329
1238355029.5625,1.00195002555847
1238355527.60938,1.5
1238354772.39062,1.125
1238355015.07812,1.38964998722076
1238354835.60156,1.10839998722076
1238354760.51562,1.57007002830505
1238355754.41406,1.23291003704071
1238354791.26562,0.890619993209839
1238354770.19531,1.0625
1238355137.07812,0.957639992237091
1238354697.35156,0.75
1238355380.01562,0.75
1238356250.57031,0.875
1238354775.03906,1.28125
1238355377.79688,0.735350012779236
1238356189.53125,1.375
1238355759.4375,0.75
1238355012.91406,1.25
1238355328.48438,1.91260004043579
1238354828.53906,2.53978991508484
1238354833.41406,0.9375
1238356194.09375,1.0625
1238355127.42188,0.75
1238354870.60938,1.125
1238355312.25781,1.2822300195694
1238354788.60938,1.0
1238356191.80469,0.875
1238355022.11719,1.25
1238356186.98438,2.0144100189209
1238355134.875,1.07616996765137
1238355139.01562,1.19530999660492
1238356172.8125,1.0
1238355119.92188,1.16991996765137
1238356550.21094,1.0
1238358045.89062,0.952639997005463
1238358050.875,1.25
1238356547.57812,1.25
1238358957.59375,1.0
1238357595.5625,1.5
1238358493.82812,0.25
1238358490.89062,0.1875
1238358225.9375,1.62890994548798
1238363123.98438,1.4875500202179
1238362821.4375,3.75
1238362830.8125,1.25
1238372636.39062,0.1875
1238372645.76562,3.0
1238362826.3125,2.0
1238372639.45312,2.75342011451721
1238377263.40625,1.0
1238377258.59375,1.25
1238374945.3125,6.0
1238411796.625,1.75
1238378423.39062,1.51391994953156
1238378386.79688,1.0
1238380139.625,3.375
1238380134.4375,2.5
1238402114.84375,1.375
1238412135.0625,1.09375
1238412462.125,1.5
1238411690.8125,3.5
1238412171.52344,4.46337985992432
1238413599.0625,1.25
1238412262.4375,2.0
1238412089.46875,6.42383003234863
1238412069.19531,1.875
1238412423.78125,8.52441024780273
1238412074.71875,2.26561999320984
1238412133.43164,1.15429997444153
1238414404.125,1.25
1238415556.70312,0.930419981479645
1238415469.27344,1.375
1238415189.80469,1.125
1238415732.57812,0.78125
1238415655.3125,1.375
1238415657.60938,1.375
1238416694.08008,4.04687976837158
1238415650.60938,5.25
1238415994.71875,9.0
1238419125.07812,1.5
1238419111.53906,1.125
1238419857.625,1.75
1238419122.89062,0.976559996604919
1238419120.95312,1.745609998703
1238420696.60938,0.75
1238421163.01562,1.1757800579071
1238419230.36719,1.59168004989624
1238420229.125,1.5
1238419649.70312,0.75
1238420694.63281,1.17725002765656
1238419841.4375,1.5
1238419647.52344,0.75
1238419186.07031,1.0
1238419341.3125,0.75
1238419861.95312,1.30175995826721
1238420616.125,1.5
1238419235.22656,1.40820002555847
1238419227.70312,1.25
1238420690.71875,3.06933999061584
1238422143.63281,0.632809996604919
1238419843.65625,1.125
1238419240.07031,1.13379001617432
1238419237.42188,1.625
1238419179.57812,2.77538990974426
1238419232.55469,1.86035001277924
1238424243.28125,1.0
1238421265.125,1.5
1238421741.6875,2.875
1238422745.15625,0.890619993209839
1238421258.07812,0.75
1238422197.89062,1.03857004642487
1238421865.82812,4.125
1238421267.51562,1.37304997444153
1238422194.6875,1.70800995826721
1238421648.9375,1.0
1238424342.5625,1.25
1238424345.9375,2.00451993942261
1238423474.8125,1.75
1238423823.125,3.5
1238423105.09375,2.125
1238423415.41992,1.65601003170013
1238423842.20312,1.0625
1238422981.625,2.0
1238423586.3125,4.34375
1238423111.05469,1.75
1238423581.64062,4.0
1238423844.17188,0.5
1238423300.84375,2.25
1238425864.6875,1.125
1238425635.46094,1.57738995552063
1238425867.0625,2.0
1238425846.375,1.25
1238425855.39062,2.75
1238424887.0625,1.0
1238424642.15625,1.25
1238442180.9375,1.25
1238442347.35938,6.2814998626709
1238425993.80469,0.4375
1238443975.58594,2.48290991783142
1238441930.80469,2.72558999061584
1238442354.78906,1.27539002895355
1238442026.3125,1.5
1238442342.30469,11.0
1238443667.82812,1.35352003574371
1238443674.58594,3.75
1238444147.20312,4.75
1238444913.48438,6.02051019668579
1238442979.21875,2.25
1238443867.02344,5.5
1238443109.57031,7.70093011856079
1238445230.03125,5.586669921875
1238443142.96094,8.25
1238443670.22656,1.625
1238444901.92188,3.0
1238445850.60156,2.26587009429932
1238444533.17188,3.5
1238445579.1875,1.625
1238445581.59375,1.25
1238446859.53125,2.72070002555847
1238448379.32812,5.01562023162842
1238446548.1875,1.17383003234863
1238446945.84375,3.07860994338989
1238446851.4375,3.38183999061584
1238446514.54688,6.0
1238448441.95312,7.0
1238448543.57031,4.25
1238456757.77344,2.5
1238448183.54688,3.53906011581421
1238448662.60156,3.37891006469727
1238452386.47656,3.73462009429932
1238448510.45312,3.89159989356995
1238463442.34375,2.66112995147705
1238458729.30469,6.5
1238458737.60156,1.17188000679016
1238469898.54688,2.0
1238490549.6875,2.71192002296448
1238484277.625,4.87694978713989
1238490735.625,1.67969000339508
1238490825.125,5.12987995147705
1238491336.875,2.75
1238490658.17188,5.75391006469727
1238490556.3125,6.25
1238490526.1875,1.44140994548798
1238490738.875,2.40137004852295
1238500977.9375,1.25780999660492
1238501894.3125,1.25
1238500991.65625,1.5
1238500988.375,1.79883003234863
1238501393.0625,1.5
1238501083.1875,1.5
1238500549.5625,3.01928997039795
1238500508.125,2.81933999061584
1238500995.0625,2.15576004981995
1238501112.28125,2.08495998382568
1238501258.8125,1.25
1238500504.6875,1.5
1238501546.125,8.25
1238502465.125,2.51074004173279
1238500498.09375,1.75
1238501197.15625,1.64110994338989
1238501079.875,3.0
1238503449.6875,1.3125
1238502810.625,2.02393007278442
1238503431.9375,3.5
1238503763.125,2.75683999061584
1238502475.875,2.80370998382568
1238502827.9375,2.76561999320984
1238502803.875,2.5
1238502807.0625,3.25
1238502461.9375,3.36425995826721
1238502831.125,2.75
1238503817.8125,1.5
1238503453.3125,1.40234005451202
1238502472.375,2.75
1238502813.96875,1.25
1238504446.1875,3.12818002700806
1238504730.1875,1.67969000339508
1238503958.4375,1.57007002830505
1238504304.375,1.82030999660492
1238504549.9375,2.8007800579071
1238504431.125,2.75
1238504098.875,3.00562000274658
1238503807.8125,2.1445300579071
1238502880.0625,2.75
1238505772.8125,2.79443001747131
1238504402.875,1.85938000679016
1238504318.3125,2.25
1238505776.125,2.50781011581421
1238503947.6875,6.75
1238505233.625,1.54346001148224
1238504822.90625,1.57616996765137
1238505684.5625,0.75
1238505485.8125,10.0927696228027
1238503944.125,3.7644100189209
1238503954.9375,1.6572300195694
1238504442.875,2.75
1238505479.3125,3.0
1238504460.4375,6.51610994338989
1238504395.9375,2.0
1238505608.125,11.7988300323486
1238504406.4375,2.01818990707397
1238505082.0625,10.5039100646973
1238504546.625,2.75
1238508664.3125,3.0
1238508322.625,3.0
1238505779.59375,2.85449004173279
1238506784.9375,13.8154296875
1238508258.625,3.01270008087158
1238509221.6875,6.0
1238506179.375,3.10254001617432
1238504488.6875,2.3125
1238507508.6875,10.3117704391479
1238504826.9375,5.75
1238509320.0625,6.0
1238508649.1875,3.2714900970459
1238507807.8125,2.75
1238505811.8125,1.5
1238507478.1875,2.73241996765137
1238505883.625,3.02733993530273
1238507529.1875,3.02733993530273
1238507546.1875,4.75
1238507811.125,2.5
1238508678.875,2.5
1238509147.9375,1.56310999393463
1238508176.375,3.50781011581421
1238506019.125,2.25
1238508653.375,2.77343988418579
1238509020.6875,3.0
1238507683.4375,7.197509765625
1238508474.8125,2.57909989356995
1238507776.09375,3.21288990974426
1238506186.4375,16.9199199676514
1238506750.0625,9.5
1238509207.4375,6.69823980331421
1238505995.46875,1.03125
1238507259.875,2.25
1238507782.9375,3.0
1238505901.1875,3.0
1238508477.875,3.85852003097534
1238509271.875,2.36071991920471
1238508667.8125,3.22034001350403
1238509327.4375,1.5
1238509258.46875,6.75
1238506061.8125,17.25
1238509024.6875,2.79590010643005
1238506925.9375,9.34961032867432
1238509016.8125,2.84472990036011
1238509214.4375,6.58178997039795
1238508190.8125,2.88109993934631
1238509151.625,2.75
1238507532.875,3.60889005661011
1238507793.8125,21.0
1238509027.875,2.75
1238507526.0625,6.28125
1238505886.875,2.75
1238507505.125,3.75
1238506600.125,3.25
1238508671.3125,6.76049995422363
1238509268.625,2.47070002555847
1238506932.625,1.80664002895355
1238507501.0625,3.39159989356995
1238507953.4375,2.75
1238507902.125,2.0
1238506022.1875,1.60449004173279
1238507926.0625,3.0
1238507915.6875,10.0429697036743
1238508660.5625,3.25
1238506579.1875,1.5
1238506054.875,2.0
1238508194.625,2.77441000938416
1238507779.6875,2.75
1238505897.625,3.11620998382568
1238506075.5625,2.76514005661011
1238508657.0625,2.8045699596405
1238507474.6875,1.31885004043579
1238509211.0625,3.46801996231079
1238508262.0625,5.10059022903442
1238506430.9375,1.0
1238509312.5625,5.25
1238509251.5625,6.25
1238509038.3125,2.5
1238505894.125,2.25
1238509363.6875,2.59082007408142
1238507519.4375,3.16211009025574
1238510000.9375,7.62206983566284
1238511012.625,2.0
1238509989.3125,9.01562023162842
1238509890.3125,2.0
1238509726.3125,1.69263005256653
1238510678.0625,2.0
1238505825.875,1.5
1238509523.3125,6.50097990036011
1238509316.1875,3.5
1238510139.5625,2.25
1238510694.625,2.75
1238509882.8125,2.32665991783142
1238510167.8125,2.89941000938416
1238509516.3125,16.8647499084473
1238510146.1875,2.5
1238510142.9375,2.5
1238510674.875,2.36229991912842
1238509759.5625,10.8359403610229
1238510083.4375,16.78955078125
1238509502.1875,2.25
1238511053.125,3.10741996765137
1238510741.125,2.75
1238509770.3125,10.5
1238510610.875,2.5
1238510446.875,2.93457007408142
1238509491.3125,4.25
1238510164.0625,3.00586009025574
1238509606.6875,10.0214900970459
1238509536.9375,2.7382800579071
1238510400.1875,13.75
1238509533.5625,2.37695002555847
1238510149.8125,2.0
1238510160.5625,2.433109998703
1238509388.875,5.5
1238509963.8125,1.97924995422363
1238510410.125,2.5
1238510153.3125,2.0
1238511042.4375,3.28246998786926
1238509384.875,2.84522008895874
1238510681.125,3.0
1238510315.6875,10.1425800323486
1238510748.375,2.75
1238510392.625,3.13379001617432
1238511046.3125,6.84960985183716
1238509488.0625,2.75
1238509498.6875,5.81934022903442
1238510156.9375,1.75
1238510100.875,2.25
1238509886.6875,1.75
1238510998.3125,8.75
1238510788.5625,1.25
1238510097.125,2.27135992050171
1238510698.0625,6.5
1238511333.9375,3.507080078125
1238511312.9375,2.492919921875
1238512092.875,10.9404296875
1238511358.875,2.31457996368408
1238511253.375,2.25
1238512633.4375,25.2219200134277
1238512383.8125,13.25
1238511783.9375,3.25
1238509484.4375,2.5
1238509808.375,6.42833995819092
1238510203.9375,2.75
1238510744.875,2.57470989227295
1238512380.3125,3.41747999191284
1238511673.0625,3.5
1238512615.125,4.10937976837158
1238512372.9375,3.33691000938416
1238511316.1875,2.75
1238511330.4375,3.24975991249084
1238511904.375,2.5
1238511691.1875,24.75
1238511392.5625,2.01758003234863
1238511323.5625,6.75
1238512489.875,3.05175995826721
1238511901.125,2.5
1238511319.5625,3.0
1238514065.9375,2.50414991378784
1238514517.9375,10.5
1238513073.5625,1.0
1238514170.625,2.55762004852295
1238512376.625,2.75
1238514167.1875,6.5
1238514307.6875,33.638671875
1238511355.5625,2.56690001487732
1238511264.875,2.75
1238512618.8125,3.0
1238513686.8125,2.7929699420929
1238512974.96875,2.5
1238514736.9375,5.75
1238512902.0625,13.5
1238512909.1875,2.75
1238514145.625,1.58984005451202
1238514722.8125,3.0
1238512797.4375,21.364990234375
1238513672.4375,3.05053997039795
1238514636.875,2.77245998382568
1238514073.6875,4.36229991912842
1238513881.3125,2.5
1238513802.3125,2.75
1238514226.6875,3.11425995826721
1238514712.1875,2.75
1238514715.8125,3.30762004852295
1238513794.5625,3.0
1238514178.625,3.25
1238513905.4375,1.75
1238514138.4375,3.0
1238513809.8125,6.82226991653442
1238514141.9375,2.5
1238513676.0625,3.257080078125
1238514174.875,2.5
1238513464.6875,3.10645008087158
1238514344.4375,3.127690076828
1238514699.9375,2.25
1238513798.6875,2.75
1238512838.0625,6.75
1238513817.1875,2.75
1238514115.8125,2.5
1238513076.875,2.50487995147705
1238514104.9375,1.51074004173279
1238513733.875,4.25
1238514460.4375,6.0
1238513806.125,2.12792992591858
1238514414.4375,2.4570300579071
1238514340.8125,2.53246998786926
1238514362.875,2.56542992591858
1238514279.875,5.49950981140137
1238512845.125,2.42383003234863
1238513629.0625,3.0
1238514222.9375,3.26561999320984
1238514456.5625,4.44434022903442
1238514439.1875,6.25
1238513884.625,2.95508003234863
1238514189.9375,4.30321979522705
1238514442.6875,3.46875
1238514719.4375,3.25879001617432
1238513741.125,2.25
1238513759.9375,3.25
1238514111.5625,4.10327005386353
1238514119.5625,2.5
1238514432.1875,2.5
1238514643.875,2.75
1238514633.4375,3.25
1238514127.3125,1.53320002555847
1238513683.15625,2.25
1238512923.53125,7.30518007278442
1238514734.125,0.75
1238514130.8125,2.2695300579071
1238512971.625,1.5
1238512913.0625,6.45458984375
1238513756.4375,2.75
1238514134.6875,2.5
1238514511.0625,2.5
1238514123.6875,2.89061999320984
1238514685.375,24.5
1238513764.375,1.51733005046844
1238512841.5625,2.75
1238513791.0625,2.97656011581421
1238513111.125,2.75
1238514347.8125,2.67188000679016
1238513690.375,2.25
1238514108.3125,2.53978991508484
1238512981.8125,9.97362995147705
1238514425.3125,15.3665800094604
1238513679.6875,2.75
1238513354.875,3.27929997444153
1238514359.125,3.20215010643005
1238516274.1875,2.75
1238515887.5625,6.75
1238515156.8125,10.2275400161743
1238515318.0625,27.25
1238515146.1875,3.0
1238516255.5625,3.03150010108948
1238516266.625,1.75
1238514884.875,2.29639005661011
1238513625.6875,3.25
1238515632.6875,6.76758003234863
1238516259.125,2.21483993530273
1238516368.4375,6.5
1238515377.3125,7.33252000808716
1238514859.125,2.39258003234863
1238515668.59375,3.0
1238515639.5625,11.8974599838257
1238515545.1875,1.75
1238515931.875,2.5
1238515870.0625,24.25
1238515035.625,2.5
1238515602.875,2.30322003364563
1238515654.5625,10.25
1238514974.6875,2.839359998703
1238516270.375,2.76659989356995
1238516087.0625,2.7617199420929
1238514908.8125,3.4375
1238516029.125,2.5
1238515452.9375,3.08691000938416
1238515672.0625,2.75
1238515658.3125,6.5
1238515307.375,2.25
1238516277.6875,3.25
1238515456.375,2.5
1238514881.3125,2.57288002967834
1238515006.375,2.75
1238515625.3125,2.70508003234863
1238515859.8125,2.5
1238514905.4375,3.47754001617432
1238514901.9375,2.5
1238516090.6875,8.75
1238515149.71875,2.5
1238514978.0625,2.00170993804932
1238516076.5625,3.18652009963989
1238514919.375,2.27733993530273
1238516197.625,2.75
1238516252.125,2.25
1238515039.3125,3.09862995147705
1238514912.5625,3.0
1238515373.9375,3.33081007003784
1238515817.625,2.54345989227295
1238515441.875,3.06347990036011
1238516169.8125,12.75
1238515665.3125,2.82031011581421
1238516083.6875,3.02782988548279
1238514916.0625,3.25
1238515569.1875,2.84277009963989
1238516361.6875,9.5
1238515787.1875,20.5
1238516025.4375,13.7627000808716
1238515599.6875,2.5
1238515935.4375,3.25
1238514898.5625,2.5
1238514960.875,21.0214900970459
1238517326.8125,7.3125
1238516140.1875,6.46972990036011
1238515895.1875,1.25
1238515142.875,2.5
1238517077.875,2.5
1238517518.4375,6.75
1238517572.1875,10.8082304000854
1238516635.5625,2.75
1238517169.3125,8.75
1238516427.9375,10.25
1238517434.3125,7.25
1238517653.5625,39.25
1238516998.3125,6.5
1238517082.125,8.25
1238516545.5625,6.75
1238517349.9375,3.25
1238517607.8125,3.5
1238517135.5625,5.50585985183716
1238516956.9375,2.75
1238516871.3125,2.85449004173279
1238516509.3125,3.57372999191284
1238516552.5625,2.83593988418579
1238516538.5625,6.75
1238517504.3125,6.0
1238516994.875,2.91650009155273
1238516911.0625,2.57129001617432
1238516964.125,2.0
1238517633.0625,5.0
1238516516.625,2.80858993530273
1238516758.8125,1.0
1238516495.5625,2.0625
1238516505.6875,3.43127989768982
1238517611.6875,3.5
1238517445.0625,10.5351600646973
1238517585.6875,3.5
1238516502.4375,3.07811999320984
1238516534.875,3.25
1238516498.875,2.67615008354187
1238516960.4375,3.25976991653442
1238516907.3125,2.45409989356995
1238516967.71875,0.75
1238517430.375,3.0117199420929
1238517353.875,2.375
1238545809.90625,1.30956995487213
1238544343.9375,1.25
1238545561.375,2.82324004173279
1238547858.78906,1.54491996765137
1238545334.625,3.0
1238547861.64844,0.625
1238547857.0625,1.25
1238547727.11719,1.77637004852295
1238547729.5625,1.5
1238548129.03906,1.27148997783661
1238548138.46094,1.00854003429413
1238548200.78906,0.75
1238548248.21094,5.3125
1238562613.1875,1.75
1238549674.5625,1.75
1238549518.1875,2.12987995147705
1238549935.3125,1.29883003234863
1238577813.5625,12.8691396713257
1238587128.53125,1.0
1238596172.8125,5.84862995147705
1238596665.67969,0.796880006790161
1238596180.875,3.75
1238592523.90625,1.5
1238596286.39844,0.625
1238596925.95312,8.79296970367432
1238596263.67969,1.75
1238658859.1875,2.65233993530273
1238618236.91406,1.0
1238656249.09375,1.25
1238658877.375,1.25
1238662462.04688,1.0
1238659444.0625,2.39331007003784
1238659000.89844,1.39989995956421
1238659342.1875,5.75
1238658889.1875,1.5
1238662464.23438,0.5
1238662450.70312,0.75
1238662990.375,8.5
1238678324.57812,2.96483993530273
1238662405.23438,1.26074004173279
1238685391.125,3.06690001487732
1238685493.875,1.83533000946045
1238685371.625,4.45020008087158
1238700816.0625,3.84277009963989
1238700822.625,13.25
1238685365.3125,6.25487995147705
1238687287.96875,2.7936999797821
1238718165.8125,2.07129001617432
1238717557.53125,1.25
1238718637.6875,1.875
1238718451.9375,1.53125
1238718627.28125,3.70215010643005
1238717927.3125,6.625
1238718812.8125,1.808109998703
1238719068.17578,2.5
1238718907.9375,11.0
1238719014.1875,4.0
1238718979.34375,3.125
1238718088.35938,1.4570300579071
1238718102.0625,10.5302696228027
1238718940.0625,6.5
1238718099.90625,1.3125
1238718283.90625,1.39550995826721
1238719203.625,2.92675995826721
1238719141.8125,6.06762981414795
1238718095.39844,1.7929699420929
1238718090.6875,3.875
1238718824.78125,1.39745998382568
1238719199.1875,2.83788990974426
1238762866.03125,0.5
1238752479.86719,1.0
1238762787.17188,4.0
1238762868.0625,1.15784001350403
1238762738.1875,1.25
1238762044.42188,0.5
1238768848.32812,1.71130001544952
1238766441.00781,6.25
1238766795.1875,1.25
1238767231.90625,1.58458995819092
1238768810.67969,6.0
1238769185.32812,0.5
1238777848.39844,1.07030999660492
1238771591.91406,1.0
1238772351.67969,2.625
1238772227.14062,0.875
1238787124.5625,1.75
1238780253.6875,3.03320002555847
1238785565.1875,1.25
1238798617.625,3.64745998382568
1238798664.6875,6.89062976837158
1238798775.0625,4.51416015625
1238791734.28125,2.39745998382568
1238791878.53906,2.75
1238791686.73438,6.0
1238798671.8125,10.8974599838257
1238798688.3125,3.0
1238798563.8125,5.20654010772705
1238798782.375,5.0
1238833565.875,3.5625
1238816347.6875,2.38525009155273
1238827415.3125,7.5
1238816675.01562,1.25
1238847468.99219,1.25977003574371
1238851579.03125,1.14770996570587
