5,1.9997E-20
5.0115,1.9462E-20
5.0231,1.8942E-20
5.0347,1.8437E-20
5.0463,1.7946E-20
5.0579,1.7469E-20
5.0696,1.7005E-20
5.0813,1.6555E-20
5.093,1.6117E-20
5.1047,1.5691E-20
5.1165,1.5277E-20
5.1283,1.4875E-20
5.1401,1.4484E-20
5.152,1.4104E-20
5.1639,1.3734E-20
5.1758,1.3375E-20
5.1877,1.3026E-20
5.1997,1.2686E-20
5.2117,1.2355E-20
5.2237,1.2034E-20
5.2357,1.1722E-20
5.2478,1.1418E-20
5.2599,1.1122E-20
5.272,1.0835E-20
5.2842,1.0555E-20
5.2964,1.0283E-20
5.3086,1.0018E-20
5.3208,9.7607E-21
5.3331,9.5103E-21
5.3454,9.2666E-21
5.3577,9.0295E-21
5.3701,8.7988E-21
5.3825,8.5744E-21
5.3949,8.3559E-21
5.4073,8.1434E-21
5.4198,7.9365E-21
5.4323,7.7352E-21
5.4448,7.5393E-21
5.4574,7.3487E-21
5.4699,7.1631E-21
5.4826,6.9824E-21
5.4952,6.8066E-21
5.5079,6.6354E-21
5.5206,6.4688E-21
5.5333,6.3066E-21
5.5461,6.1487E-21
5.5589,5.995E-21
5.5717,5.8453E-21
5.5845,5.6996E-21
5.5974,5.5577E-21
5.6103,5.4195E-21
5.6232,5.285E-21
5.6362,5.154E-21
5.6492,5.0264E-21
5.6622,4.9022E-21
5.6753,4.7812E-21
5.6884,4.6634E-21
5.7015,4.5486E-21
5.7146,4.4369E-21
5.7278,4.328E-21
5.741,4.222E-21
5.7543,4.1187E-21
5.7675,4.0181E-21
5.7808,3.9201E-21
5.7942,3.8246E-21
5.8075,3.7316E-21
5.8209,3.641E-21
5.8343,3.5528E-21
5.8478,3.4668E-21
5.8613,3.383E-21
5.8748,3.3014E-21
5.8884,3.2218E-21
5.9019,3.1443E-21
5.9155,3.0688E-21
5.9292,2.9953E-21
5.9429,2.9236E-21
5.9566,2.8537E-21
5.9703,2.7856E-21
5.9841,2.7193E-21
5.9979,2.6546E-21
6.0117,2.5916E-21
6.0256,2.5302E-21
6.0394,2.4703E-21
6.0534,2.412E-21
6.0673,2.3551E-21
6.0813,2.2997E-21
6.0954,2.2457E-21
6.1094,2.1931E-21
6.1235,2.1418E-21
6.1376,2.0917E-21
6.1518,2.043E-21
6.166,1.9955E-21
6.1802,1.9491E-21
6.1944,1.904E-21
6.2087,1.86E-21
6.223,1.817E-21
6.2374,1.7752E-21
6.2518,1.7344E-21
6.2662,1.6947E-21
6.2806,1.6559E-21
6.2951,1.6181E-21
6.3096,1.5812E-21
6.3242,1.5453E-21
6.3388,1.5103E-21
6.3534,1.4762E-21
6.368,1.4429E-21
6.3827,1.4104E-21
6.3974,1.3788E-21
6.4122,1.3479E-21
6.427,1.3178E-21
6.4418,1.2885E-21
6.4566,1.2599E-21
6.4715,1.232E-21
6.4865,1.2048E-21
6.5014,1.1783E-21
6.5164,1.1524E-21
6.5314,1.1272E-21
6.5465,1.1027E-21
6.5616,1.0787E-21
6.5767,1.0553E-21
6.5919,1.0326E-21
6.6071,1.0103E-21
6.6223,9.8868E-22
6.6376,9.6756E-22
6.6529,9.4697E-22
6.6682,9.2689E-22
6.6836,9.0732E-22
6.699,8.8823E-22
6.7145,8.6962E-22
6.73,8.5148E-22
6.7455,8.3378E-22
6.761,8.1654E-22
6.7766,7.9972E-22
6.7923,7.8332E-22
6.8079,7.6734E-22
6.8236,7.5175E-22
6.8394,7.3656E-22
6.8551,7.2174E-22
6.8709,7.073E-22
6.8868,6.9323E-22
6.9027,6.795E-22
6.9186,6.6612E-22
6.9345,6.5308E-22
6.9505,6.4037E-22
6.9666,6.2798E-22
6.9826,6.159E-22
6.9987,6.0412E-22
7.0149,5.9265E-22
7.031,5.8146E-22
7.0473,5.7056E-22
7.0635,5.5994E-22
7.0798,5.4958E-22
7.0961,5.3949E-22
7.1125,5.2966E-22
7.1289,5.2007E-22
7.1453,5.1073E-22
7.1618,5.0163E-22
7.1783,4.9277E-22
7.1949,4.8413E-22
7.2115,4.7571E-22
7.2281,4.6751E-22
7.2448,4.5952E-22
7.2615,4.5173E-22
7.2782,4.4415E-22
7.295,4.3676E-22
7.3118,4.2957E-22
7.3287,4.2256E-22
7.3456,4.1573E-22
7.3625,4.0908E-22
7.3795,4.0261E-22
7.3965,3.963E-22
7.4136,3.9016E-22
7.4307,3.8418E-22
7.4478,3.7836E-22
7.465,3.7269E-22
7.4822,3.6717E-22
7.4994,3.618E-22
7.5167,3.5656E-22
7.5341,3.5147E-22
7.5514,3.4651E-22
7.5689,3.4169E-22
7.5863,3.3699E-22
7.6038,3.3242E-22
7.6213,3.2797E-22
7.6389,3.2365E-22
7.6565,3.1943E-22
7.6742,3.1534E-22
7.6919,3.1135E-22
7.7096,3.0747E-22
7.7274,3.037E-22
7.7452,3.0004E-22
7.7631,2.9647E-22
7.781,2.93E-22
7.7989,2.8963E-22
7.8169,2.8635E-22
7.8349,2.8316E-22
7.853,2.8007E-22
7.8711,2.7706E-22
7.8893,2.7413E-22
7.9074,2.7129E-22
7.9257,2.6853E-22
7.944,2.6586E-22
7.9623,2.6326E-22
7.9806,2.6073E-22
7.999,2.5828E-22
8.0175,2.5591E-22
8.036,2.5361E-22
8.0545,2.5137E-22
8.0731,2.4921E-22
8.0917,2.4712E-22
8.1104,2.4509E-22
8.1291,2.4312E-22
8.1478,2.4123E-22
8.1666,2.3939E-22
8.1854,2.3762E-22
8.2043,2.3591E-22
8.2232,2.3426E-22
8.2422,2.3268E-22
8.2612,2.3115E-22
8.2802,2.2968E-22
8.2993,2.2827E-22
8.3185,2.2692E-22
8.3377,2.2563E-22
8.3569,2.244E-22
8.3762,2.2322E-22
8.3955,2.221E-22
8.4148,2.2104E-22
8.4342,2.2004E-22
8.4537,2.191E-22
8.4732,2.1822E-22
8.4927,2.174E-22
8.5123,2.1664E-22
8.5319,2.1594E-22
8.5516,2.1531E-22
8.5713,2.1474E-22
8.5911,2.1423E-22
8.6109,2.138E-22
8.6308,2.1343E-22
8.6507,2.1314E-22
8.6706,2.1292E-22
8.6906,2.1278E-22
8.7106,2.1272E-22
8.7307,2.1274E-22
8.7509,2.1285E-22
8.771,2.1305E-22
8.7913,2.1335E-22
8.8115,2.1375E-22
8.8319,2.1426E-22
8.8522,2.1489E-22
8.8726,2.1564E-22
8.8931,2.1651E-22
8.9136,2.1753E-22
8.9342,2.187E-22
8.9548,2.2003E-22
8.9754,2.2154E-22
8.9961,2.2323E-22
9.0169,2.2513E-22
9.0377,2.2726E-22
9.0585,2.2963E-22
9.0794,2.3227E-22
9.1003,2.3521E-22
9.1213,2.3848E-22
9.1423,2.4211E-22
9.1634,2.4615E-22
9.1846,2.5065E-22
9.2057,2.5566E-22
9.227,2.6125E-22
9.2482,2.675E-22
9.2696,2.7451E-22
9.2909,2.8238E-22
9.3124,2.9126E-22
9.3338,3.0131E-22
9.3554,3.1274E-22
9.3769,3.2581E-22
9.3986,3.4084E-22
9.4202,3.5826E-22
9.442,3.786E-22
9.4637,4.026E-22
9.4856,4.3124E-22
9.5074,4.659E-22
9.5294,5.0857E-22
9.5513,5.6218E-22
9.5734,6.3135E-22
9.5954,7.237E-22
9.6176,8.5276E-22
9.6397,1.0452E-21
9.662,1.3616E-21
9.6842,1.9762E-21
9.7066,3.6774E-21
9.729,3.0668E-20
9.7514,4.7297E-21
9.7739,2.1756E-21
9.7964,1.4056E-21
9.819,1.0349E-21
9.8417,8.1736E-22
9.8643,6.7459E-22
9.8871,5.7392E-22
9.9099,4.9927E-22
9.9327,4.4183E-22
9.9557,3.9636E-22
9.9786,3.5955E-22
10.002,3.2919E-22
10.025,3.0377E-22
10.048,2.8223E-22
10.071,2.6375E-22
10.094,2.4777E-22
10.117,2.3383E-22
10.141,2.2158E-22
10.164,2.1074E-22
10.188,2.011E-22
10.211,1.9248E-22
10.235,1.8473E-22
10.258,1.7773E-22
10.282,1.7139E-22
10.306,1.6562E-22
10.329,1.6035E-22
10.353,1.5552E-22
10.377,1.5108E-22
10.401,1.4699E-22
10.425,1.432E-22
10.449,1.3969E-22
10.473,1.3643E-22
10.497,1.3339E-22
10.522,1.3056E-22
10.546,1.279E-22
10.57,1.2541E-22
10.594,1.2306E-22
10.619,1.2085E-22
10.643,1.1877E-22
10.668,1.1679E-22
10.693,1.1492E-22
10.717,1.1315E-22
10.742,1.1146E-22
10.767,1.0986E-22
10.791,1.0832E-22
10.816,1.0686E-22
10.841,1.0545E-22
10.866,1.0411E-22
10.891,1.0282E-22
10.916,1.0158E-22
10.942,1.0039E-22
10.967,9.9242E-23
10.992,9.8134E-23
11.018,9.7064E-23
11.043,9.603E-23
11.068,9.5029E-23
11.094,9.406E-23
11.12,9.312E-23
11.145,9.2207E-23
11.171,9.132E-23
11.197,9.0458E-23
11.222,8.9619E-23
11.248,8.8802E-23
11.274,8.8005E-23
11.3,8.7228E-23
11.326,8.6469E-23
11.352,8.5728E-23
11.379,8.5004E-23
11.405,8.4296E-23
11.431,8.3602E-23
11.458,8.2923E-23
11.484,8.2258E-23
11.51,8.1606E-23
11.537,8.0966E-23
11.564,8.0339E-23
11.59,7.9722E-23
11.617,7.9117E-23
11.644,7.8523E-23
11.671,7.7938E-23
11.697,7.7364E-23
11.724,7.6798E-23
11.752,7.6242E-23
11.779,7.5694E-23
11.806,7.5155E-23
11.833,7.4624E-23
11.86,7.4101E-23
11.888,7.3585E-23
11.915,7.3076E-23
11.943,7.2575E-23
11.97,7.208E-23
11.998,7.1592E-23
12.025,7.1111E-23
12.053,7.0636E-23
12.081,7.0166E-23
12.109,6.9703E-23
12.137,6.9246E-23
12.165,6.8794E-23
12.193,6.8347E-23
12.221,6.7906E-23
12.249,6.747E-23
12.277,6.7039E-23
12.306,6.6612E-23
12.334,6.6191E-23
12.362,6.5774E-23
12.391,6.5362E-23
12.419,6.4955E-23
12.448,6.4551E-23
12.477,6.4152E-23
12.506,6.3757E-23
12.534,6.3367E-23
12.563,6.298E-23
12.592,6.2597E-23
12.621,6.2218E-23
12.65,6.1843E-23
12.68,6.1471E-23
12.709,6.1103E-23
12.738,6.0739E-23
12.767,6.0378E-23
12.797,6.002E-23
12.826,5.9666E-23
12.856,5.9315E-23
12.886,5.8968E-23
12.915,5.8623E-23
12.945,5.8282E-23
12.975,5.7944E-23
13.005,5.7609E-23
13.035,5.7276E-23
13.065,5.6947E-23
13.095,5.6621E-23
13.125,5.6297E-23
13.156,5.5976E-23
13.186,5.5658E-23
13.216,5.5343E-23
13.247,5.503E-23
13.277,5.472E-23
13.308,5.4413E-23
13.339,5.4108E-23
13.369,5.3806E-23
13.4,5.3506E-23
13.431,5.3208E-23
13.462,5.2913E-23
13.493,5.2621E-23
13.524,5.233E-23
13.555,5.2042E-23
13.587,5.1756E-23
13.618,5.1473E-23
13.649,5.1192E-23
13.681,5.0912E-23
13.712,5.0636E-23
13.744,5.0361E-23
13.776,5.0088E-23
13.808,4.9817E-23
13.839,4.9549E-23
13.871,4.9282E-23
13.903,4.9018E-23
13.935,4.8755E-23
13.968,4.8494E-23
14,4.8235E-23
14.032,4.7979E-23
14.064,4.7724E-23
14.097,4.7471E-23
14.129,4.7219E-23
14.162,4.697E-23
14.195,4.6722E-23
14.227,4.6476E-23
14.26,4.6232E-23
14.293,4.599E-23
14.326,4.5749E-23
14.359,4.551E-23
14.392,4.5273E-23
14.425,4.5037E-23
14.459,4.4803E-23
14.492,4.4571E-23
14.525,4.434E-23
14.559,4.411E-23
14.592,4.3883E-23
14.626,4.3657E-23
14.66,4.3432E-23
14.694,4.3209E-23
14.727,4.2987E-23
14.761,4.2767E-23
14.795,4.2549E-23
14.83,4.2332E-23
14.864,4.2116E-23
14.898,4.1902E-23
14.932,4.1689E-23
14.967,4.1477E-23
15.001,4.1267E-23
15.036,4.1058E-23
15.071,4.0851E-23
15.105,4.0645E-23
15.14,4.044E-23
15.175,4.0237E-23
15.21,4.0035E-23
15.245,3.9834E-23
15.28,3.9635E-23
15.316,3.9436E-23
15.351,3.9239E-23
15.386,3.9044E-23
15.422,3.8849E-23
15.457,3.8656E-23
15.493,3.8464E-23
15.529,3.8273E-23
15.564,3.8083E-23
15.6,3.7895E-23
15.636,3.7708E-23
15.672,3.7522E-23
15.709,3.7337E-23
15.745,3.7153E-23
15.781,3.697E-23
15.817,3.6788E-23
15.854,3.6608E-23
15.89,3.6429E-23
15.927,3.625E-23
15.964,3.6073E-23
16.001,3.5897E-23
16.038,3.5722E-23
16.075,3.5548E-23
16.112,3.5375E-23
16.149,3.5203E-23
16.186,3.5032E-23
16.223,3.4862E-23
16.261,3.4693E-23
16.298,3.4525E-23
16.336,3.4358E-23
16.374,3.4192E-23
16.411,3.4028E-23
16.449,3.3864E-23
16.487,3.3701E-23
16.525,3.3539E-23
16.563,3.3378E-23
16.601,3.3217E-23
16.64,3.3058E-23
16.678,3.29E-23
16.716,3.2743E-23
16.755,3.2586E-23
16.794,3.2431E-23
16.832,3.2276E-23
16.871,3.2122E-23
16.91,3.1969E-23
16.949,3.1818E-23
16.988,3.1666E-23
17.027,3.1516E-23
17.067,3.1367E-23
17.106,3.1218E-23
17.145,3.1071E-23
17.185,3.0924E-23
17.225,3.0778E-23
17.264,3.0633E-23
17.304,3.0488E-23
17.344,3.0345E-23
17.384,3.0202E-23
17.424,3.006E-23
17.464,2.9919E-23
17.505,2.9779E-23
17.545,2.964E-23
17.585,2.9501E-23
17.626,2.9363E-23
17.667,2.9226E-23
17.707,2.9089E-23
17.748,2.8954E-23
17.789,2.8819E-23
17.83,2.8685E-23
17.871,2.8551E-23
17.912,2.8419E-23
17.954,2.8287E-23
17.995,2.8156E-23
18.037,2.8025E-23
18.078,2.7896E-23
18.12,2.7767E-23
18.162,2.7638E-23
18.204,2.7511E-23
18.246,2.7384E-23
18.288,2.7258E-23
18.33,2.7132E-23
18.372,2.7007E-23
18.414,2.6883E-23
18.457,2.676E-23
18.499,2.6637E-23
18.542,2.6515E-23
18.585,2.6394E-23
18.628,2.6273E-23
18.671,2.6153E-23
18.714,2.6034E-23
18.757,2.5915E-23
18.8,2.5797E-23
18.844,2.5679E-23
18.887,2.5562E-23
18.931,2.5446E-23
18.974,2.5331E-23
19.018,2.5216E-23
19.062,2.5101E-23
19.106,2.4988E-23
19.15,2.4875E-23
19.194,2.4762E-23
19.238,2.465E-23
19.283,2.4539E-23
19.327,2.4428E-23
19.372,2.4318E-23
19.416,2.4209E-23
19.461,2.41E-23
19.506,2.3992E-23
19.551,2.3884E-23
19.596,2.3777E-23
19.641,2.367E-23
19.686,2.3564E-23
19.732,2.3459E-23
19.777,2.3354E-23
19.823,2.325E-23
19.869,2.3146E-23
19.915,2.3043E-23
19.96,2.294E-23
20.006,2.2838E-23
20.053,2.2737E-23
20.099,2.2636E-23
20.145,2.2535E-23
20.192,2.2435E-23
20.238,2.2336E-23
20.285,2.2237E-23
20.332,2.2139E-23
20.379,2.2041E-23
20.426,2.1943E-23
20.473,2.1847E-23
20.52,2.175E-23
20.567,2.1655E-23
20.615,2.1559E-23
20.662,2.1465E-23
20.71,2.1371E-23
20.758,2.1277E-23
20.805,2.1184E-23
20.853,2.1091E-23
20.901,2.0999E-23
20.95,2.0907E-23
20.998,2.0816E-23
21.046,2.0725E-23
21.095,2.0634E-23
21.144,2.0545E-23
21.192,2.0455E-23
21.241,2.0366E-23
21.29,2.0278E-23
21.339,2.019E-23
21.389,2.0103E-23
21.438,2.0015E-23
21.487,1.9929E-23
21.537,1.9843E-23
21.586,1.9757E-23
21.636,1.9672E-23
21.686,1.9587E-23
21.736,1.9503E-23
21.786,1.9419E-23
21.837,1.9336E-23
21.887,1.9253E-23
21.937,1.917E-23
21.988,1.9088E-23
22.039,1.9006E-23
22.089,1.8925E-23
22.14,1.8844E-23
22.191,1.8764E-23
22.243,1.8684E-23
22.294,1.8604E-23
22.345,1.8525E-23
22.397,1.8446E-23
22.449,1.8368E-23
22.5,1.829E-23
22.552,1.8213E-23
22.604,1.8136E-23
22.656,1.8059E-23
22.709,1.7983E-23
22.761,1.7907E-23
22.813,1.7831E-23
22.866,1.7756E-23
22.919,1.7681E-23
22.972,1.7607E-23
23.025,1.7533E-23
23.078,1.746E-23
23.131,1.7386E-23
23.184,1.7314E-23
23.238,1.7241E-23
23.291,1.7169E-23
23.345,1.7098E-23
23.399,1.7026E-23
23.453,1.6956E-23
23.507,1.6885E-23
23.561,1.6815E-23
23.615,1.6745E-23
23.67,1.6676E-23
23.724,1.6607E-23
23.779,1.6538E-23
23.834,1.647E-23
23.889,1.6402E-23
23.944,1.6334E-23
23.999,1.6267E-23
24.055,1.62E-23
24.11,1.6133E-23
24.166,1.6067E-23
24.221,1.6001E-23
24.277,1.5936E-23
24.333,1.5871E-23
24.389,1.5806E-23
24.446,1.5741E-23
24.502,1.5677E-23
24.558,1.5613E-23
24.615,1.555E-23
24.672,1.5487E-23
24.729,1.5424E-23
24.786,1.5362E-23
24.843,1.5299E-23
24.9,1.5238E-23
24.958,1.5176E-23
25.015,1.5115E-23
25.073,1.5054E-23
25.131,1.4993E-23
25.189,1.4933E-23
25.247,1.4873E-23
25.305,1.4814E-23
25.363,1.4754E-23
25.422,1.4695E-23
25.48,1.4637E-23
25.539,1.4578E-23
25.598,1.452E-23
25.657,1.4463E-23
25.716,1.4405E-23
25.776,1.4348E-23
25.835,1.4291E-23
25.895,1.4235E-23
25.954,1.4178E-23
26.014,1.4122E-23
26.074,1.4067E-23
26.134,1.4011E-23
26.194,1.3956E-23
26.255,1.3901E-23
26.315,1.3847E-23
26.376,1.3793E-23
26.437,1.3739E-23
26.498,1.3685E-23
26.559,1.3632E-23
26.62,1.3579E-23
26.682,1.3526E-23
26.743,1.3473E-23
26.805,1.3421E-23
26.867,1.3369E-23
26.929,1.3317E-23
26.991,1.3266E-23
27.053,1.3215E-23
27.115,1.3164E-23
27.178,1.3113E-23
27.241,1.3063E-23
27.303,1.3013E-23
27.366,1.2963E-23
27.429,1.2913E-23
27.493,1.2864E-23
27.556,1.2815E-23
27.62,1.2766E-23
27.683,1.2718E-23
27.747,1.2669E-23
27.811,1.2621E-23
27.875,1.2574E-23
27.94,1.2526E-23
28.004,1.2479E-23
28.069,1.2432E-23
28.133,1.2385E-23
28.198,1.2338E-23
28.263,1.2292E-23
28.328,1.2246E-23
28.394,1.22E-23
28.459,1.2155E-23
28.525,1.2109E-23
28.591,1.2064E-23
28.656,1.202E-23
28.723,1.1975E-23
28.789,1.1931E-23
28.855,1.1887E-23
28.922,1.1843E-23
28.988,1.1799E-23
29.055,1.1756E-23
29.122,1.1712E-23
29.189,1.1669E-23
29.257,1.1627E-23
29.324,1.1584E-23
29.392,1.1542E-23
29.46,1.15E-23
29.528,1.1458E-23
29.596,1.1416E-23
29.664,1.1375E-23
29.732,1.1334E-23
29.801,1.1293E-23
29.87,1.1252E-23
29.938,1.1212E-23
30.007,1.1171E-23
30.077,1.1131E-23
30.146,1.1091E-23
30.216,1.1052E-23
30.285,1.1012E-23
30.355,1.0973E-23
30.425,1.0934E-23
30.495,1.0895E-23
30.566,1.0857E-23
30.636,1.0818E-23
30.707,1.078E-23
30.777,1.0742E-23
30.848,1.0704E-23
30.92,1.0667E-23
30.991,1.0629E-23
31.062,1.0592E-23
31.134,1.0555E-23
31.206,1.0518E-23
31.278,1.0482E-23
31.35,1.0445E-23
31.422,1.0409E-23
31.495,1.0373E-23
31.567,1.0337E-23
31.64,1.0302E-23
31.713,1.0266E-23
31.786,1.0231E-23
31.859,1.0196E-23
31.933,1.0161E-23
32.007,1.0126E-23
32.08,1.0092E-23
32.154,1.0057E-23
32.228,1.0023E-23
32.303,9.9894E-24
32.377,9.9556E-24
32.452,9.9221E-24
32.527,9.8887E-24
32.602,9.8554E-24
32.677,9.8224E-24
32.752,9.7896E-24
32.828,9.7569E-24
32.904,9.7244E-24
32.979,9.692E-24
33.055,9.6599E-24
33.132,9.6279E-24
33.208,9.5961E-24
33.285,9.5644E-24
33.361,9.533E-24
33.438,9.5017E-24
33.515,9.4705E-24
33.593,9.4396E-24
33.67,9.4088E-24
33.748,9.3782E-24
33.826,9.3477E-24
33.904,9.3174E-24
33.982,9.2873E-24
34.06,9.2573E-24
34.139,9.2275E-24
34.218,9.1979E-24
34.296,9.1684E-24
34.376,9.139E-24
34.455,9.1099E-24
34.534,9.0809E-24
34.614,9.052E-24
34.694,9.0233E-24
34.774,8.9948E-24
34.854,8.9664E-24
34.934,8.9382E-24
35.015,8.9101E-24
35.096,8.8822E-24
35.176,8.8544E-24
35.258,8.8268E-24
35.339,8.7993E-24
35.42,8.772E-24
35.502,8.7448E-24
35.584,8.7178E-24
35.666,8.6909E-24
35.748,8.6642E-24
35.831,8.6376E-24
35.913,8.6112E-24
35.996,8.5849E-24
36.079,8.5587E-24
36.162,8.5327E-24
36.246,8.5069E-24
36.329,8.4811E-24
36.413,8.4556E-24
36.497,8.4301E-24
36.581,8.4048E-24
36.666,8.3796E-24
36.75,8.3546E-24
36.835,8.3297E-24
36.92,8.3049E-24
37.005,8.2803E-24
37.09,8.2558E-24
37.176,8.2315E-24
37.262,8.2073E-24
37.347,8.1832E-24
37.434,8.1592E-24
37.52,8.1354E-24
37.606,8.1117E-24
37.693,8.0881E-24
37.78,8.0647E-24
37.867,8.0414E-24
37.955,8.0182E-24
38.042,7.9952E-24
38.13,7.9722E-24
38.218,7.9494E-24
38.306,7.9268E-24
38.394,7.9042E-24
38.483,7.8818E-24
38.571,7.8595E-24
38.66,7.8373E-24
38.75,7.8152E-24
38.839,7.7933E-24
38.928,7.7715E-24
39.018,7.7498E-24
39.108,7.7282E-24
39.198,7.7067E-24
39.289,7.6854E-24
39.379,7.6641E-24
39.47,7.643E-24
39.561,7.622E-24
39.652,7.6012E-24
39.744,7.5804E-24
39.836,7.5597E-24
39.927,7.5392E-24
40.019,7.5188E-24
40.112,7.4985E-24
40.204,7.4783E-24
40.297,7.4582E-24
40.39,7.4382E-24
40.483,7.4183E-24
40.576,7.3986E-24
40.67,7.3789E-24
40.764,7.3594E-24
40.858,7.3399E-24
40.952,7.3206E-24
41.046,7.3014E-24
41.141,7.2822E-24
41.236,7.2632E-24
41.331,7.2443E-24
41.426,7.2255E-24
41.522,7.2068E-24
41.618,7.1882E-24
41.714,7.1697E-24
41.81,7.1513E-24
41.906,7.133E-24
42.003,7.1148E-24
42.1,7.0967E-24
42.197,7.0787E-24
42.294,7.0608E-24
42.392,7.043E-24
42.489,7.0253E-24
42.587,7.0077E-24
42.686,6.9902E-24
42.784,6.9728E-24
42.883,6.9555E-24
42.981,6.9383E-24
43.081,6.9212E-24
43.18,6.9041E-24
43.28,6.8872E-24
43.379,6.8703E-24
43.479,6.8536E-24
43.58,6.8369E-24
43.68,6.8203E-24
43.781,6.8039E-24
43.882,6.7875E-24
43.983,6.7712E-24
44.084,6.755E-24
44.186,6.7388E-24
44.288,6.7228E-24
44.39,6.7069E-24
44.492,6.691E-24
44.595,6.6752E-24
44.698,6.6595E-24
44.801,6.6439E-24
44.904,6.6284E-24
45.008,6.613E-24
45.112,6.5977E-24
45.216,6.5824E-24
45.32,6.5672E-24
45.424,6.5521E-24
45.529,6.5371E-24
45.634,6.5222E-24
45.739,6.5073E-24
45.845,6.4925E-24
45.951,6.4779E-24
46.057,6.4632E-24
46.163,6.4487E-24
46.269,6.4343E-24
46.376,6.4199E-24
46.483,6.4056E-24
46.59,6.3914E-24
46.697,6.3772E-24
46.805,6.3632E-24
46.913,6.3492E-24
47.021,6.3353E-24
47.13,6.3214E-24
47.238,6.3077E-24
47.347,6.294E-24
47.457,6.2804E-24
47.566,6.2668E-24
47.676,6.2534E-24
47.786,6.24E-24
47.896,6.2267E-24
48.006,6.2134E-24
48.117,6.2002E-24
48.228,6.1871E-24
48.339,6.1741E-24
48.451,6.1611E-24
48.562,6.1482E-24
48.674,6.1354E-24
48.787,6.1227E-24
48.899,6.11E-24
49.012,6.0974E-24
49.125,6.0848E-24
49.238,6.0723E-24
49.352,6.0599E-24
49.465,6.0476E-24
49.579,6.0353E-24
49.694,6.023E-24
49.808,6.0109E-24
49.923,5.9988E-24
50.038,5.9868E-24
50.154,5.9748E-24
50.269,5.9629E-24
50.385,5.9511E-24
50.502,5.9393E-24
50.618,5.9276E-24
50.735,5.916E-24
50.852,5.9044E-24
50.969,5.8929E-24
51.087,5.8814E-24
51.204,5.87E-24
51.322,5.8587E-24
51.441,5.8474E-24
51.559,5.8362E-24
51.678,5.825E-24
51.797,5.8139E-24
51.917,5.8029E-24
52.037,5.7919E-24
52.157,5.7809E-24
52.277,5.7701E-24
52.397,5.7593E-24
52.518,5.7485E-24
52.639,5.7378E-24
52.761,5.7272E-24
52.882,5.7166E-24
53.004,5.706E-24
53.127,5.6956E-24
53.249,5.6851E-24
53.372,5.6748E-24
53.495,5.6645E-24
53.618,5.6542E-24
53.742,5.644E-24
53.866,5.6338E-24
53.99,5.6237E-24
54.115,5.6137E-24
54.239,5.6037E-24
54.365,5.5938E-24
54.49,5.5839E-24
54.616,5.574E-24
54.741,5.5642E-24
54.868,5.5545E-24
54.994,5.5448E-24
55.121,5.5352E-24
55.248,5.5256E-24
55.376,5.516E-24
55.503,5.5065E-24
55.631,5.4971E-24
55.76,5.4877E-24
55.888,5.4783E-24
56.017,5.469E-24
56.146,5.4598E-24
56.276,5.4506E-24
56.405,5.4414E-24
56.535,5.4323E-24
56.666,5.4232E-24
56.797,5.4142E-24
56.928,5.4052E-24
57.059,5.3963E-24
57.19,5.3874E-24
57.322,5.3786E-24
57.454,5.3698E-24
57.587,5.361E-24
57.72,5.3523E-24
57.853,5.3437E-24
57.986,5.3351E-24
58.12,5.3265E-24
58.254,5.3179E-24
58.388,5.3095E-24
58.523,5.301E-24
58.658,5.2926E-24
58.793,5.2842E-24
58.929,5.2759E-24
59.065,5.2676E-24
59.201,5.2594E-24
59.337,5.2512E-24
59.474,5.243E-24
59.611,5.2349E-24
59.749,5.2268E-24
59.887,5.2188E-24
60.025,5.2108E-24
60.163,5.2028E-24
60.302,5.1949E-24
60.441,5.187E-24
60.58,5.1792E-24
60.72,5.1714E-24
60.86,5.1636E-24
61,5.1559E-24
61.141,5.1482E-24
61.282,5.1405E-24
61.423,5.1329E-24
61.565,5.1253E-24
61.707,5.1178E-24
61.849,5.1103E-24
61.992,5.1028E-24
62.135,5.0953E-24
62.278,5.0879E-24
62.422,5.0806E-24
62.566,5.0732E-24
62.71,5.0659E-24
62.855,5.0587E-24
62.999,5.0515E-24
63.145,5.0443E-24
63.29,5.0371E-24
63.436,5.03E-24
63.583,5.0229E-24
63.729,5.0158E-24
63.876,5.0088E-24
64.023,5.0018E-24
64.171,4.9949E-24
64.319,4.9879E-24
64.467,4.981E-24
64.616,4.9742E-24
64.765,4.9673E-24
64.914,4.9605E-24
65.064,4.9538E-24
65.214,4.947E-24
65.365,4.9403E-24
65.515,4.9337E-24
65.666,4.927E-24
65.818,4.9204E-24
65.97,4.9138E-24
66.122,4.9073E-24
66.274,4.9007E-24
66.427,4.8943E-24
66.58,4.8878E-24
66.734,4.8814E-24
66.888,4.875E-24
67.042,4.8686E-24
67.196,4.8622E-24
67.351,4.8559E-24
67.507,4.8496E-24
67.662,4.8434E-24
67.818,4.8371E-24
67.975,4.8309E-24
68.132,4.8248E-24
68.289,4.8186E-24
68.446,4.8125E-24
68.604,4.8064E-24
68.762,4.8003E-24
68.921,4.7943E-24
69.08,4.7883E-24
69.239,4.7823E-24
69.399,4.7763E-24
69.559,4.7704E-24
69.719,4.7645E-24
69.88,4.7586E-24
70.041,4.7527E-24
70.202,4.7469E-24
70.364,4.7411E-24
70.527,4.7353E-24
70.689,4.7296E-24
70.852,4.7238E-24
71.016,4.7181E-24
71.179,4.7124E-24
71.344,4.7068E-24
71.508,4.7012E-24
71.673,4.6955E-24
71.838,4.69E-24
72.004,4.6844E-24
72.17,4.6789E-24
72.336,4.6734E-24
72.503,4.6679E-24
72.67,4.6624E-24
72.838,4.657E-24
73.006,4.6515E-24
73.174,4.6461E-24
73.343,4.6408E-24
73.512,4.6354E-24
73.682,4.6301E-24
73.852,4.6248E-24
74.022,4.6195E-24
74.193,4.6142E-24
74.364,4.609E-24
74.535,4.6038E-24
74.707,4.5986E-24
74.879,4.5934E-24
75.052,4.5882E-24
75.225,4.5831E-24
75.399,4.578E-24
75.572,4.5729E-24
75.747,4.5678E-24
75.921,4.5628E-24
76.096,4.5577E-24
76.272,4.5527E-24
76.448,4.5477E-24
76.624,4.5427E-24
76.801,4.5378E-24
76.978,4.5329E-24
77.155,4.528E-24
77.333,4.5231E-24
77.512,4.5182E-24
77.69,4.5133E-24
77.87,4.5085E-24
78.049,4.5037E-24
78.229,4.4989E-24
78.409,4.4941E-24
78.59,4.4894E-24
78.772,4.4846E-24
78.953,4.4799E-24
79.135,4.4752E-24
79.318,4.4705E-24
79.501,4.4659E-24
79.684,4.4612E-24
79.868,4.4566E-24
80.052,4.452E-24
80.236,4.4474E-24
80.421,4.4428E-24
80.607,4.4382E-24
80.793,4.4337E-24
80.979,4.4292E-24
81.166,4.4247E-24
81.353,4.4202E-24
81.541,4.4157E-24
81.729,4.4113E-24
81.917,4.4068E-24
82.106,4.4024E-24
82.295,4.398E-24
82.485,4.3936E-24
82.675,4.3893E-24
82.866,4.3849E-24
83.057,4.3806E-24
83.249,4.3762E-24
83.441,4.3719E-24
83.633,4.3676E-24
83.826,4.3634E-24
84.019,4.3591E-24
84.213,4.3549E-24
84.407,4.3506E-24
84.602,4.3464E-24
84.797,4.3422E-24
84.992,4.3381E-24
85.188,4.3339E-24
85.385,4.3297E-24
85.582,4.3256E-24
85.779,4.3215E-24
85.977,4.3174E-24
86.175,4.3133E-24
86.374,4.3092E-24
86.573,4.3052E-24
86.773,4.3011E-24
86.973,4.2971E-24
87.173,4.2931E-24
87.374,4.2891E-24
87.576,4.2851E-24
87.778,4.2811E-24
87.98,4.2771E-24
88.183,4.2732E-24
88.386,4.2693E-24
88.59,4.2654E-24
88.795,4.2614E-24
88.999,4.2576E-24
89.205,4.2537E-24
89.41,4.2498E-24
89.616,4.246E-24
89.823,4.2421E-24
90.03,4.2383E-24
90.238,4.2345E-24
90.446,4.2307E-24
90.655,4.2269E-24
90.864,4.2232E-24
91.073,4.2194E-24
91.283,4.2157E-24
91.494,4.2119E-24
91.705,4.2082E-24
91.916,4.2045E-24
92.128,4.2008E-24
92.34,4.1971E-24
92.553,4.1935E-24
92.767,4.1898E-24
92.981,4.1862E-24
93.195,4.1825E-24
93.41,4.1789E-24
93.625,4.1753E-24
93.841,4.1717E-24
94.058,4.1681E-24
94.275,4.1646E-24
94.492,4.161E-24
94.71,4.1574E-24
94.928,4.1539E-24
95.147,4.1504E-24
95.367,4.1469E-24
95.587,4.1434E-24
95.807,4.1399E-24
96.028,4.1364E-24
96.249,4.1329E-24
96.471,4.1295E-24
96.694,4.1261E-24
96.917,4.1226E-24
97.14,4.1192E-24
97.364,4.1158E-24
97.589,4.1124E-24
97.814,4.109E-24
98.039,4.1056E-24
98.266,4.1023E-24
98.492,4.0989E-24
98.719,4.0956E-24
98.947,4.0922E-24
99.175,4.0889E-24
99.404,4.0856E-24
99.633,4.0823E-24
99.863,4.079E-24
100.09,4.0757E-24
100.32,4.0725E-24
100.56,4.0692E-24
100.79,4.066E-24
101.02,4.0627E-24
101.25,4.0595E-24
101.49,4.0563E-24
101.72,4.0531E-24
101.95,4.0499E-24
102.19,4.0467E-24
102.43,4.0435E-24
102.66,4.0403E-24
102.9,4.0372E-24
103.14,4.034E-24
103.37,4.0309E-24
103.61,4.0278E-24
103.85,4.0247E-24
104.09,4.0216E-24
104.33,4.0185E-24
104.57,4.0154E-24
104.81,4.0123E-24
105.05,4.0092E-24
105.3,4.0062E-24
105.54,4.0031E-24
105.78,4.0001E-24
106.03,3.997E-24
106.27,3.994E-24
106.52,3.991E-24
106.76,3.988E-24
107.01,3.985E-24
107.25,3.982E-24
107.5,3.979E-24
107.75,3.9761E-24
108,3.9731E-24
108.25,3.9702E-24
108.5,3.9672E-24
108.75,3.9643E-24
109,3.9614E-24
109.25,3.9585E-24
109.5,3.9556E-24
109.75,3.9527E-24
110.01,3.9498E-24
110.26,3.9469E-24
110.51,3.944E-24
110.77,3.9412E-24
111.02,3.9383E-24
111.28,3.9355E-24
111.54,3.9327E-24
111.79,3.9298E-24
112.05,3.927E-24
112.31,3.9242E-24
112.57,3.9214E-24
112.83,3.9186E-24
113.09,3.9158E-24
113.35,3.913E-24
113.61,3.9103E-24
113.87,3.9075E-24
114.14,3.9048E-24
114.4,3.902E-24
114.66,3.8993E-24
114.93,3.8966E-24
115.19,3.8939E-24
115.46,3.8911E-24
115.72,3.8884E-24
115.99,3.8857E-24
116.26,3.8831E-24
116.53,3.8804E-24
116.8,3.8777E-24
117.06,3.8751E-24
117.33,3.8724E-24
117.61,3.8698E-24
117.88,3.8671E-24
118.15,3.8645E-24
118.42,3.8619E-24
118.69,3.8593E-24
118.97,3.8566E-24
119.24,3.854E-24
119.52,3.8515E-24
119.79,3.8489E-24
120.07,3.8463E-24
120.35,3.8437E-24
120.62,3.8412E-24
120.9,3.8386E-24
121.18,3.8361E-24
121.46,3.8335E-24
121.74,3.831E-24
122.02,3.8285E-24
122.3,3.826E-24
122.58,3.8235E-24
122.87,3.821E-24
123.15,3.8185E-24
123.43,3.816E-24
123.72,3.8135E-24
124,3.811E-24
124.29,3.8086E-24
124.58,3.8061E-24
124.86,3.8037E-24
125.15,3.8012E-24
125.44,3.7988E-24
125.73,3.7964E-24
126.02,3.7939E-24
126.31,3.7915E-24
126.6,3.7891E-24
126.89,3.7867E-24
127.19,3.7843E-24
127.48,3.7819E-24
127.77,3.7796E-24
128.07,3.7772E-24
128.36,3.7748E-24
128.66,3.7725E-24
128.96,3.7701E-24
129.25,3.7678E-24
129.55,3.7654E-24
129.85,3.7631E-24
130.15,3.7608E-24
130.45,3.7585E-24
130.75,3.7562E-24
131.05,3.7539E-24
131.35,3.7516E-24
131.66,3.7493E-24
131.96,3.747E-24
132.26,3.7447E-24
132.57,3.7425E-24
132.88,3.7402E-24
133.18,3.738E-24
133.49,3.7357E-24
133.8,3.7335E-24
134.11,3.7312E-24
134.41,3.729E-24
134.72,3.7268E-24
135.04,3.7246E-24
135.35,3.7224E-24
135.66,3.7202E-24
135.97,3.718E-24
136.29,3.7158E-24
136.6,3.7136E-24
136.91,3.7114E-24
137.23,3.7093E-24
137.55,3.7071E-24
137.86,3.705E-24
138.18,3.7028E-24
138.5,3.7007E-24
138.82,3.6985E-24
139.14,3.6964E-24
139.46,3.6943E-24
139.78,3.6922E-24
140.1,3.6901E-24
140.43,3.688E-24
140.75,3.6859E-24
141.08,3.6838E-24
141.4,3.6817E-24
141.73,3.6796E-24
142.05,3.6776E-24
142.38,3.6755E-24
142.71,3.6735E-24
143.04,3.6714E-24
143.37,3.6694E-24
143.7,3.6673E-24
144.03,3.6653E-24
144.36,3.6633E-24
144.7,3.6613E-24
145.03,3.6592E-24
145.36,3.6572E-24
145.7,3.6552E-24
146.04,3.6533E-24
146.37,3.6513E-24
146.71,3.6493E-24
147.05,3.6473E-24
147.39,3.6454E-24
147.73,3.6434E-24
148.07,3.6414E-24
148.41,3.6395E-24
148.75,3.6376E-24
149.09,3.6356E-24
149.44,3.6337E-24
149.78,3.6318E-24
150.13,3.6299E-24
150.47,3.6279E-24
150.82,3.626E-24
151.17,3.6241E-24
151.52,3.6222E-24
151.87,3.6204E-24
152.22,3.6185E-24
152.57,3.6166E-24
152.92,3.6147E-24
153.27,3.6129E-24
153.63,3.611E-24
153.98,3.6092E-24
154.34,3.6073E-24
154.69,3.6055E-24
155.05,3.6037E-24
155.41,3.6019E-24
155.76,3.6E-24
156.12,3.5982E-24
156.48,3.5964E-24
156.84,3.5946E-24
157.21,3.5928E-24
157.57,3.5911E-24
157.93,3.5893E-24
158.3,3.5875E-24
158.66,3.5857E-24
159.03,3.584E-24
159.39,3.5822E-24
159.76,3.5805E-24
160.13,3.5787E-24
160.5,3.577E-24
160.87,3.5753E-24
161.24,3.5735E-24
161.61,3.5718E-24
161.98,3.5701E-24
162.36,3.5684E-24
162.73,3.5667E-24
163.11,3.565E-24
163.48,3.5633E-24
163.86,3.5616E-24
164.24,3.56E-24
164.62,3.5583E-24
165,3.5566E-24
165.38,3.555E-24
165.76,3.5533E-24
166.14,3.5517E-24
166.52,3.55E-24
166.91,3.5484E-24
167.29,3.5468E-24
167.68,3.5452E-24
168.07,3.5436E-24
168.45,3.5419E-24
168.84,3.5403E-24
169.23,3.5388E-24
169.62,3.5372E-24
170.01,3.5356E-24
170.4,3.534E-24
170.8,3.5324E-24
171.19,3.5309E-24
171.59,3.5293E-24
171.98,3.5278E-24
172.38,3.5262E-24
172.78,3.5247E-24
173.17,3.5231E-24
173.57,3.5216E-24
173.97,3.5201E-24
174.37,3.5186E-24
174.78,3.5171E-24
175.18,3.5156E-24
175.58,3.5141E-24
175.99,3.5126E-24
176.39,3.5111E-24
176.8,3.5096E-24
177.21,3.5081E-24
177.62,3.5067E-24
178.03,3.5052E-24
178.44,3.5038E-24
178.85,3.5023E-24
179.26,3.5009E-24
179.68,3.4994E-24
180.09,3.498E-24
180.5,3.4966E-24
180.92,3.4952E-24
181.34,3.4938E-24
181.76,3.4924E-24
182.18,3.491E-24
182.6,3.4896E-24
183.02,3.4882E-24
183.44,3.4868E-24
183.86,3.4854E-24
184.29,3.4841E-24
184.71,3.4827E-24
185.14,3.4813E-24
185.56,3.48E-24
185.99,3.4787E-24
186.42,3.4773E-24
186.85,3.476E-24
187.28,3.4747E-24
187.71,3.4733E-24
188.15,3.472E-24
188.58,3.4707E-24
189.01,3.4694E-24
189.45,3.4681E-24
189.89,3.4669E-24
190.33,3.4656E-24
190.76,3.4643E-24
191.2,3.463E-24
191.65,3.4618E-24
192.09,3.4605E-24
192.53,3.4593E-24
192.97,3.458E-24
193.42,3.4568E-24
193.87,3.4556E-24
194.31,3.4544E-24
194.76,3.4531E-24
195.21,3.4519E-24
195.66,3.4507E-24
196.11,3.4495E-24
196.56,3.4483E-24
197.02,3.4472E-24
197.47,3.446E-24
197.93,3.4448E-24
198.38,3.4436E-24
198.84,3.4425E-24
199.3,3.4413E-24
199.76,3.4402E-24
200.22,3.439E-24
200.68,3.4379E-24
201.14,3.4368E-24
201.61,3.4357E-24
202.07,3.4346E-24
202.54,3.4335E-24
203,3.4324E-24
203.47,3.4313E-24
203.94,3.4302E-24
204.41,3.4291E-24
204.88,3.428E-24
205.36,3.427E-24
205.83,3.4259E-24
206.3,3.4248E-24
206.78,3.4238E-24
207.26,3.4228E-24
207.73,3.4217E-24
208.21,3.4207E-24
208.69,3.4197E-24
209.18,3.4187E-24
209.66,3.4177E-24
210.14,3.4167E-24
210.63,3.4157E-24
211.11,3.4147E-24
211.6,3.4137E-24
212.09,3.4127E-24
212.58,3.4118E-24
213.07,3.4108E-24
213.56,3.4098E-24
214.05,3.4089E-24
214.54,3.408E-24
215.04,3.407E-24
215.53,3.4061E-24
216.03,3.4052E-24
216.53,3.4043E-24
217.03,3.4034E-24
217.53,3.4025E-24
218.03,3.4016E-24
218.53,3.4007E-24
219.04,3.3998E-24
219.54,3.3989E-24
220.05,3.3981E-24
220.56,3.3972E-24
221.06,3.3964E-24
221.57,3.3955E-24
222.08,3.3947E-24
222.6,3.3938E-24
223.11,3.393E-24
223.62,3.3922E-24
224.14,3.3914E-24
224.66,3.3906E-24
225.18,3.3898E-24
225.69,3.389E-24
226.22,3.3882E-24
226.74,3.3875E-24
227.26,3.3867E-24
227.78,3.3859E-24
228.31,3.3852E-24
228.84,3.3844E-24
229.36,3.3837E-24
229.89,3.383E-24
230.42,3.3822E-24
230.95,3.3815E-24
231.49,3.3808E-24
232.02,3.3801E-24
232.56,3.3794E-24
233.09,3.3787E-24
233.63,3.378E-24
234.17,3.3774E-24
234.71,3.3767E-24
235.25,3.376E-24
235.79,3.3754E-24
236.34,3.3747E-24
236.88,3.3741E-24
237.43,3.3735E-24
237.97,3.3729E-24
238.52,3.3722E-24
239.07,3.3716E-24
239.62,3.371E-24
240.18,3.3704E-24
240.73,3.3699E-24
241.29,3.3693E-24
241.84,3.3687E-24
242.4,3.3681E-24
242.96,3.3676E-24
243.52,3.367E-24
244.08,3.3665E-24
244.64,3.366E-24
245.21,3.3654E-24
245.77,3.3649E-24
246.34,3.3644E-24
246.91,3.3639E-24
247.48,3.3634E-24
248.05,3.3629E-24
248.62,3.3624E-24
249.19,3.362E-24
249.77,3.3615E-24
250.34,3.3611E-24
250.92,3.3606E-24
251.5,3.3602E-24
252.08,3.3597E-24
252.66,3.3593E-24
253.24,3.3589E-24
253.83,3.3585E-24
254.41,3.3581E-24
255,3.3577E-24
255.59,3.3573E-24
256.18,3.3569E-24
256.77,3.3565E-24
257.36,3.3562E-24
257.95,3.3558E-24
258.55,3.3555E-24
259.14,3.3551E-24
259.74,3.3548E-24
260.34,3.3545E-24
260.94,3.3542E-24
261.54,3.3539E-24
262.15,3.3536E-24
262.75,3.3533E-24
263.36,3.353E-24
263.96,3.3527E-24
264.57,3.3525E-24
265.18,3.3522E-24
265.79,3.352E-24
266.41,3.3517E-24
267.02,3.3515E-24
267.64,3.3513E-24
268.25,3.351E-24
268.87,3.3508E-24
269.49,3.3506E-24
270.11,3.3504E-24
270.74,3.3503E-24
271.36,3.3501E-24
271.99,3.3499E-24
272.61,3.3498E-24
273.24,3.3496E-24
273.87,3.3495E-24
274.5,3.3493E-24
275.14,3.3492E-24
275.77,3.3491E-24
276.41,3.349E-24
277.05,3.3489E-24
277.68,3.3488E-24
278.32,3.3487E-24
278.97,3.3486E-24
279.61,3.3486E-24
280.25,3.3485E-24
280.9,3.3485E-24
281.55,3.3484E-24
282.2,3.3484E-24
282.85,3.3484E-24
283.5,3.3484E-24
284.15,3.3484E-24
284.81,3.3484E-24
285.47,3.3484E-24
286.13,3.3484E-24
286.78,3.3485E-24
287.45,3.3485E-24
288.11,3.3485E-24
288.77,3.3486E-24
289.44,3.3487E-24
290.11,3.3488E-24
290.78,3.3488E-24
291.45,3.3489E-24
292.12,3.349E-24
292.79,3.3492E-24
293.47,3.3493E-24
294.14,3.3494E-24
294.82,3.3495E-24
295.5,3.3497E-24
296.18,3.3499E-24
296.87,3.35E-24
297.55,3.3502E-24
298.24,3.3504E-24
298.92,3.3506E-24
299.61,3.3508E-24
300.31,3.351E-24
301,3.3512E-24
301.69,3.3515E-24
302.39,3.3517E-24
303.08,3.352E-24
303.78,3.3522E-24
304.48,3.3525E-24
305.19,3.3528E-24
305.89,3.3531E-24
306.6,3.3534E-24
307.3,3.3537E-24
308.01,3.354E-24
308.72,3.3543E-24
309.43,3.3547E-24
310.15,3.355E-24
310.86,3.3554E-24
311.58,3.3557E-24
312.3,3.3561E-24
313.02,3.3565E-24
313.74,3.3569E-24
314.46,3.3573E-24
315.19,3.3577E-24
315.91,3.3581E-24
316.64,3.3586E-24
317.37,3.359E-24
318.11,3.3595E-24
318.84,3.36E-24
319.57,3.3604E-24
320.31,3.3609E-24
321.05,3.3614E-24
321.79,3.3619E-24
322.53,3.3624E-24
323.28,3.363E-24
324.02,3.3635E-24
324.77,3.3641E-24
325.52,3.3646E-24
326.27,3.3652E-24
327.02,3.3658E-24
327.77,3.3663E-24
328.53,3.3669E-24
329.29,3.3676E-24
330.05,3.3682E-24
330.81,3.3688E-24
331.57,3.3694E-24
332.34,3.3701E-24
333.1,3.3708E-24
333.87,3.3714E-24
334.64,3.3721E-24
335.41,3.3728E-24
336.19,3.3735E-24
336.96,3.3742E-24
337.74,3.3749E-24
338.52,3.3757E-24
339.3,3.3764E-24
340.08,3.3772E-24
340.86,3.378E-24
341.65,3.3787E-24
342.44,3.3795E-24
343.23,3.3803E-24
344.02,3.3811E-24
344.81,3.382E-24
345.61,3.3828E-24
346.4,3.3836E-24
347.2,3.3845E-24
348,3.3854E-24
348.81,3.3862E-24
349.61,3.3871E-24
350.42,3.388E-24
351.23,3.3889E-24
352.04,3.3899E-24
352.85,3.3908E-24
353.66,3.3917E-24
354.48,3.3927E-24
355.29,3.3937E-24
356.11,3.3946E-24
356.93,3.3956E-24
357.76,3.3966E-24
358.58,3.3976E-24
359.41,3.3987E-24
360.24,3.3997E-24
361.07,3.4007E-24
361.9,3.4018E-24
362.74,3.4029E-24
363.57,3.4039E-24
364.41,3.405E-24
365.25,3.4061E-24
366.09,3.4073E-24
366.94,3.4084E-24
367.78,3.4095E-24
368.63,3.4107E-24
369.48,3.4118E-24
370.33,3.413E-24
371.19,3.4142E-24
372.04,3.4154E-24
372.9,3.4166E-24
373.76,3.4178E-24
374.62,3.4191E-24
375.49,3.4203E-24
376.35,3.4216E-24
377.22,3.4228E-24
378.09,3.4241E-24
378.96,3.4254E-24
379.84,3.4267E-24
380.71,3.428E-24
381.59,3.4294E-24
382.47,3.4307E-24
383.35,3.4321E-24
384.24,3.4334E-24
385.12,3.4348E-24
386.01,3.4362E-24
386.9,3.4376E-24
387.79,3.439E-24
388.69,3.4405E-24
389.58,3.4419E-24
390.48,3.4434E-24
391.38,3.4448E-24
392.28,3.4463E-24
393.19,3.4478E-24
394.1,3.4493E-24
395,3.4508E-24
395.92,3.4524E-24
396.83,3.4539E-24
397.74,3.4555E-24
398.66,3.457E-24
399.58,3.4586E-24
400.5,3.4602E-24
401.43,3.4618E-24
402.35,3.4635E-24
403.28,3.4651E-24
404.21,3.4667E-24
405.14,3.4684E-24
406.08,3.4701E-24
407.01,3.4718E-24
407.95,3.4735E-24
408.89,3.4752E-24
409.83,3.4769E-24
410.78,3.4786E-24
411.73,3.4804E-24
412.68,3.4822E-24
413.63,3.4839E-24
414.58,3.4857E-24
415.54,3.4875E-24
416.5,3.4894E-24
417.46,3.4912E-24
418.42,3.493E-24
419.38,3.4949E-24
420.35,3.4968E-24
421.32,3.4987E-24
422.29,3.5006E-24
423.27,3.5025E-24
424.24,3.5044E-24
425.22,3.5063E-24
426.2,3.5083E-24
427.18,3.5103E-24
428.17,3.5123E-24
429.16,3.5143E-24
430.15,3.5163E-24
431.14,3.5183E-24
432.13,3.5203E-24
433.13,3.5224E-24
434.13,3.5245E-24
435.13,3.5265E-24
436.13,3.5286E-24
437.14,3.5307E-24
438.14,3.5329E-24
439.16,3.535E-24
440.17,3.5372E-24
441.18,3.5393E-24
442.2,3.5415E-24
443.22,3.5437E-24
444.24,3.5459E-24
445.27,3.5481E-24
446.29,3.5504E-24
447.32,3.5526E-24
448.35,3.5549E-24
449.39,3.5572E-24
450.42,3.5595E-24
451.46,3.5618E-24
452.5,3.5641E-24
453.55,3.5665E-24
454.59,3.5688E-24
455.64,3.5712E-24
456.69,3.5736E-24
457.75,3.576E-24
458.8,3.5784E-24
459.86,3.5809E-24
460.92,3.5833E-24
461.98,3.5858E-24
463.05,3.5882E-24
464.12,3.5907E-24
465.19,3.5933E-24
466.26,3.5958E-24
467.33,3.5983E-24
468.41,3.6009E-24
469.49,3.6035E-24
470.57,3.6061E-24
471.66,3.6087E-24
472.75,3.6113E-24
473.84,3.6139E-24
474.93,3.6166E-24
476.02,3.6193E-24
477.12,3.622E-24
478.22,3.6247E-24
479.33,3.6274E-24
480.43,3.6302E-24
481.54,3.633E-24
482.65,3.6358E-24
483.76,3.6386E-24
484.88,3.6415E-24
486,3.6445E-24
487.12,3.6475E-24
488.24,3.6506E-24
489.37,3.6538E-24
490.49,3.6574E-24
491.63,3.6615E-24
492.76,3.6668E-24
493.9,3.6763E-24
495.03,3.7073E-24
496.18,4.6937E-24
497.32,3.773E-24
498.47,3.6946E-24
499.62,3.6862E-24
500.77,3.6856E-24
501.92,3.6871E-24
503.08,3.6893E-24
504.24,3.6919E-24
505.4,3.6946E-24
506.57,3.6975E-24
507.74,3.7005E-24
508.91,3.7035E-24
510.08,3.7066E-24
511.26,3.7097E-24
512.44,3.7128E-24
513.62,3.7159E-24
514.8,3.7191E-24
515.99,3.7223E-24
517.18,3.7255E-24
518.37,3.7288E-24
519.57,3.732E-24
520.77,3.7353E-24
521.97,3.7386E-24
523.17,3.7419E-24
524.38,3.7452E-24
525.59,3.7486E-24
526.8,3.7519E-24
528.01,3.7553E-24
529.23,3.7587E-24
530.45,3.7622E-24
531.67,3.7656E-24
532.9,3.7691E-24
534.13,3.7725E-24
535.36,3.776E-24
536.6,3.7795E-24
537.83,3.7831E-24
539.07,3.7866E-24
540.32,3.7902E-24
541.56,3.7938E-24
542.81,3.7974E-24
544.06,3.801E-24
545.32,3.8046E-24
546.57,3.8083E-24
547.84,3.8119E-24
549.1,3.8156E-24
550.36,3.8193E-24
551.63,3.823E-24
552.91,3.8268E-24
554.18,3.8305E-24
555.46,3.8343E-24
556.74,3.8381E-24
558.02,3.8419E-24
559.31,3.8458E-24
560.6,3.8496E-24
561.89,3.8535E-24
563.19,3.8574E-24
564.49,3.8613E-24
565.79,3.8652E-24
567.09,3.8691E-24
568.4,3.8731E-24
569.71,3.8771E-24
571.03,3.8811E-24
572.34,3.8851E-24
573.66,3.8891E-24
574.99,3.8932E-24
576.31,3.8972E-24
577.64,3.9013E-24
578.97,3.9054E-24
580.31,3.9096E-24
581.65,3.9137E-24
582.99,3.9179E-24
584.33,3.9221E-24
585.68,3.9263E-24
587.03,3.9305E-24
588.38,3.9347E-24
589.74,3.939E-24
591.1,3.9433E-24
592.46,3.9476E-24
593.83,3.9519E-24
595.2,3.9562E-24
596.57,3.9606E-24
597.95,3.9649E-24
599.33,3.9693E-24
600.71,3.9737E-24
602.09,3.9782E-24
603.48,3.9826E-24
604.87,3.9871E-24
606.27,3.9916E-24
607.67,3.9961E-24
609.07,4.0006E-24
610.47,4.0052E-24
611.88,4.0097E-24
613.29,4.0143E-24
614.7,4.0189E-24
616.12,4.0236E-24
617.54,4.0282E-24
618.97,4.0329E-24
620.39,4.0376E-24
621.83,4.0423E-24
623.26,4.047E-24
624.7,4.0517E-24
626.14,4.0565E-24
627.58,4.0613E-24
629.03,4.0661E-24
630.48,4.0709E-24
631.93,4.0758E-24
633.39,4.0806E-24
634.85,4.0855E-24
636.31,4.0904E-24
637.78,4.0953E-24
639.25,4.1003E-24
640.73,4.1053E-24
642.2,4.1103E-24
643.68,4.1153E-24
645.17,4.1203E-24
646.66,4.1253E-24
648.15,4.1304E-24
649.64,4.1355E-24
651.14,4.1406E-24
652.64,4.1458E-24
654.15,4.1509E-24
655.66,4.1561E-24
657.17,4.1613E-24
658.68,4.1665E-24
660.2,4.1717E-24
661.72,4.177E-24
663.25,4.1823E-24
664.78,4.1876E-24
666.31,4.1929E-24
667.85,4.1982E-24
669.39,4.2036E-24
670.93,4.209E-24
672.48,4.2144E-24
674.03,4.2198E-24
675.59,4.2253E-24
677.14,4.2307E-24
678.7,4.2362E-24
680.27,4.2417E-24
681.84,4.2473E-24
683.41,4.2528E-24
684.99,4.2584E-24
686.57,4.264E-24
688.15,4.2696E-24
689.74,4.2753E-24
691.33,4.2809E-24
692.92,4.2866E-24
694.52,4.2923E-24
696.12,4.2981E-24
697.73,4.3038E-24
699.33,4.3096E-24
700.95,4.3154E-24
702.56,4.3212E-24
704.18,4.3271E-24
705.81,4.3329E-24
707.44,4.3388E-24
709.07,4.3447E-24
710.7,4.3506E-24
712.34,4.3566E-24
713.98,4.3626E-24
715.63,4.3686E-24
717.28,4.3746E-24
718.93,4.3806E-24
720.59,4.3867E-24
722.25,4.3928E-24
723.92,4.3989E-24
725.59,4.405E-24
727.26,4.4112E-24
728.94,4.4173E-24
730.62,4.4235E-24
732.3,4.4298E-24
733.99,4.436E-24
735.69,4.4423E-24
737.38,4.4486E-24
739.08,4.4549E-24
740.79,4.4612E-24
742.5,4.4676E-24
744.21,4.474E-24
745.92,4.4804E-24
747.64,4.4868E-24
749.37,4.4933E-24
751.1,4.4998E-24
752.83,4.5063E-24
754.56,4.5128E-24
756.3,4.5193E-24
758.05,4.5259E-24
759.8,4.5325E-24
761.55,4.5391E-24
763.3,4.5458E-24
765.06,4.5524E-24
766.83,4.5591E-24
768.6,4.5658E-24
770.37,4.5726E-24
772.15,4.5793E-24
773.93,4.5861E-24
775.71,4.5929E-24
777.5,4.5997E-24
779.29,4.6066E-24
781.09,4.6135E-24
782.89,4.6204E-24
784.7,4.6273E-24
786.51,4.6343E-24
788.32,4.6413E-24
790.14,4.6483E-24
791.96,4.6553E-24
793.79,4.6623E-24
795.62,4.6694E-24
797.45,4.6765E-24
799.29,4.6836E-24
801.13,4.6908E-24
802.98,4.698E-24
804.83,4.7052E-24
806.69,4.7124E-24
808.55,4.7196E-24
810.41,4.7269E-24
812.28,4.7342E-24
814.16,4.7415E-24
816.03,4.7489E-24
817.91,4.7562E-24
819.8,4.7636E-24
821.69,4.7711E-24
823.59,4.7785E-24
825.49,4.786E-24
827.39,4.7935E-24
829.3,4.801E-24
831.21,4.8086E-24
833.13,4.8161E-24
835.05,4.8237E-24
836.97,4.8314E-24
838.9,4.839E-24
840.84,4.8467E-24
842.78,4.8544E-24
844.72,4.8621E-24
846.67,4.8699E-24
848.62,4.8776E-24
850.58,4.8855E-24
852.54,4.8933E-24
854.5,4.9011E-24
856.47,4.909E-24
858.45,4.9169E-24
860.43,4.9249E-24
862.41,4.9328E-24
864.4,4.9408E-24
866.4,4.9488E-24
868.39,4.9569E-24
870.4,4.9649E-24
872.4,4.973E-24
874.41,4.9812E-24
876.43,4.9893E-24
878.45,4.9975E-24
880.48,5.0057E-24
882.51,5.0139E-24
884.54,5.0221E-24
886.58,5.0304E-24
888.63,5.0387E-24
890.68,5.0471E-24
892.73,5.0554E-24
894.79,5.0638E-24
896.85,5.0722E-24
898.92,5.0807E-24
900.99,5.0891E-24
903.07,5.0976E-24
905.15,5.1061E-24
907.24,5.1147E-24
909.33,5.1233E-24
911.43,5.1319E-24
913.53,5.1405E-24
915.64,5.1492E-24
917.75,5.1578E-24
919.87,5.1665E-24
921.99,5.1753E-24
924.11,5.1841E-24
926.25,5.1929E-24
928.38,5.2017E-24
930.52,5.2105E-24
932.67,5.2194E-24
934.82,5.2283E-24
936.97,5.2372E-24
939.13,5.2462E-24
941.3,5.2552E-24
943.47,5.2642E-24
945.65,5.2733E-24
947.83,5.2823E-24
950.01,5.2914E-24
952.2,5.3006E-24
954.4,5.3097E-24
956.6,5.3189E-24
958.81,5.3281E-24
961.02,5.3374E-24
963.23,5.3467E-24
965.45,5.356E-24
967.68,5.3653E-24
969.91,5.3747E-24
972.15,5.3841E-24
974.39,5.3935E-24
976.64,5.4029E-24
978.89,5.4124E-24
981.15,5.4219E-24
983.41,5.4315E-24
985.68,5.4411E-24
987.95,5.4508E-24
990.23,5.4612E-24
992.51,5.5229E-24
994.8,5.4813E-24
997.1,5.4896E-24
999.39,5.4991E-24
1001.7,5.5088E-24
1004,5.5186E-24
1006.3,5.5284E-24
1008.6,5.5382E-24
1011,5.5481E-24
1013.3,5.558E-24
1015.6,5.568E-24
1018,5.5779E-24
1020.3,5.5879E-24
1022.7,5.598E-24
1025,5.608E-24
1027.4,5.6181E-24
1029.8,5.6283E-24
1032.1,5.6384E-24
1034.5,5.6486E-24
1036.9,5.6588E-24
1039.3,5.6691E-24
1041.7,5.6793E-24
1044.1,5.6896E-24
1046.5,5.7E-24
1048.9,5.7103E-24
1051.3,5.7207E-24
1053.8,5.7312E-24
1056.2,5.7416E-24
1058.6,5.7521E-24
1061.1,5.7626E-24
1063.5,5.7732E-24
1066,5.7838E-24
1068.4,5.7944E-24
1070.9,5.805E-24
1073.4,5.8157E-24
1075.8,5.8264E-24
1078.3,5.8372E-24
1080.8,5.8479E-24
1083.3,5.8587E-24
1085.8,5.8696E-24
1088.3,5.8805E-24
1090.8,5.8913E-24
1093.3,5.9023E-24
1095.8,5.9132E-24
1098.4,5.9242E-24
1100.9,5.9353E-24
1103.4,5.9463E-24
1106,5.9574E-24
1108.5,5.9685E-24
1111.1,5.9797E-24
1113.7,5.9909E-24
1116.2,6.0021E-24
1118.8,6.0133E-24
1121.4,6.0246E-24
1124,6.0359E-24
1126.6,6.0473E-24
1129.2,6.0586E-24
1131.8,6.0701E-24
1134.4,6.0815E-24
1137,6.093E-24
1139.6,6.1045E-24
1142.2,6.116E-24
1144.9,6.1276E-24
1147.5,6.1392E-24
1150.2,6.1509E-24
1152.8,6.1625E-24
1155.5,6.1742E-24
1158.1,6.186E-24
1160.8,6.1978E-24
1163.5,6.2096E-24
1166.2,6.2214E-24
1168.9,6.2333E-24
1171.5,6.2452E-24
1174.2,6.2571E-24
1177,6.2691E-24
1179.7,6.2811E-24
1182.4,6.2932E-24
1185.1,6.3052E-24
1187.9,6.3173E-24
1190.6,6.3295E-24
1193.3,6.3417E-24
1196.1,6.3539E-24
1198.8,6.3661E-24
1201.6,6.3784E-24
1204.4,6.3907E-24
1207.2,6.4031E-24
1209.9,6.4155E-24
1212.7,6.4279E-24
1215.5,6.4403E-24
1218.3,6.4528E-24
1221.1,6.4653E-24
1224,6.4779E-24
1226.8,6.4905E-24
1229.6,6.5031E-24
1232.4,6.5158E-24
1235.3,6.5285E-24
1238.1,6.5412E-24
1241,6.554E-24
1243.9,6.5668E-24
1246.7,6.5796E-24
1249.6,6.5925E-24
1252.5,6.6054E-24
1255.4,6.6184E-24
1258.3,6.6313E-24
1261.2,6.6444E-24
1264.1,6.6574E-24
1267,6.6705E-24
1269.9,6.6836E-24
1272.8,6.6968E-24
1275.8,6.71E-24
1278.7,6.7232E-24
1281.7,6.7365E-24
1284.6,6.7498E-24
1287.6,6.7631E-24
1290.5,6.7765E-24
1293.5,6.7899E-24
1296.5,6.8034E-24
1299.5,6.8168E-24
1302.5,6.8304E-24
1305.5,6.8439E-24
1308.5,6.8575E-24
1311.5,6.8712E-24
1314.5,6.8848E-24
1317.6,6.8985E-24
1320.6,6.9123E-24
1323.7,6.9261E-24
1326.7,6.9399E-24
1329.8,6.9537E-24
1332.8,6.9676E-24
1335.9,6.9816E-24
1339,6.9955E-24
1342.1,7.0096E-24
1345.2,7.0236E-24
1348.3,7.0377E-24
1351.4,7.0518E-24
1354.5,7.066E-24
1357.6,7.0802E-24
1360.8,7.0944E-24
1363.9,7.1087E-24
1367,7.123E-24
1370.2,7.1373E-24
1373.4,7.1517E-24
1376.5,7.1661E-24
1379.7,7.1806E-24
1382.9,7.1951E-24
1386.1,7.2096E-24
1389.3,7.2242E-24
1392.5,7.2388E-24
1395.7,7.2535E-24
1398.9,7.2682E-24
1402.1,7.2829E-24
1405.4,7.2977E-24
1408.6,7.3125E-24
1411.8,7.3274E-24
1415.1,7.3423E-24
1418.4,7.3572E-24
1421.6,7.3722E-24
1424.9,7.3872E-24
1428.2,7.4022E-24
1431.5,7.4173E-24
1434.8,7.4325E-24
1438.1,7.4476E-24
1441.4,7.4629E-24
1444.7,7.4781E-24
1448.1,7.4934E-24
1451.4,7.5087E-24
1454.8,7.5241E-24
1458.1,7.5395E-24
1461.5,7.555E-24
1464.8,7.5705E-24
1468.2,7.586E-24
1471.6,7.6016E-24
1475,7.6172E-24
1478.4,7.6329E-24
1481.8,7.6486E-24
1485.2,7.6644E-24
1488.7,7.6837E-24
1492.1,7.6961E-24
1495.5,7.7118E-24
1499,7.7277E-24
1502.4,7.7436E-24
1505.9,7.7596E-24
1509.4,7.7756E-24
1512.9,7.7917E-24
1516.3,7.8078E-24
1519.8,7.824E-24
1523.3,7.8402E-24
1526.9,7.8564E-24
1530.4,7.8727E-24
1533.9,7.889E-24
1537.4,7.9054E-24
1541,7.9218E-24
1544.5,7.9382E-24
1548.1,7.9547E-24
1551.7,7.9713E-24
1555.3,7.9879E-24
1558.8,8.0045E-24
1562.4,8.0211E-24
1566,8.0378E-24
1569.6,8.0546E-24
1573.3,8.0714E-24
1576.9,8.0882E-24
1580.5,8.1051E-24
1584.2,8.122E-24
1587.8,8.139E-24
1591.5,8.156E-24
1595.2,8.1731E-24
1598.8,8.1902E-24
1602.5,8.2073E-24
1606.2,8.2245E-24
1609.9,8.2418E-24
1613.6,8.259E-24
1617.4,8.2763E-24
1621.1,8.2937E-24
1624.8,8.3111E-24
1628.6,8.3286E-24
1632.3,8.3461E-24
1636.1,8.3636E-24
1639.9,8.3812E-24
1643.6,8.3989E-24
1647.4,8.4165E-24
1651.2,8.4343E-24
1655,8.452E-24
1658.9,8.4698E-24
1662.7,8.4877E-24
1666.5,8.5056E-24
1670.4,8.5236E-24
1674.2,8.5416E-24
1678.1,8.5596E-24
1681.9,8.5777E-24
1685.8,8.5958E-24
1689.7,8.614E-24
1693.6,8.6322E-24
1697.5,8.6505E-24
1701.4,8.6688E-24
1705.4,8.6872E-24
1709.3,8.7056E-24
1713.2,8.7241E-24
1717.2,8.7426E-24
1721.1,8.7611E-24
1725.1,8.7797E-24
1729.1,8.7984E-24
1733.1,8.8171E-24
1737.1,8.8358E-24
1741.1,8.8546E-24
1745.1,8.8735E-24
1749.1,8.8923E-24
1753.1,8.9113E-24
1757.2,8.9303E-24
1761.2,8.9493E-24
1765.3,8.9684E-24
1769.4,8.9875E-24
1773.5,9.0067E-24
1777.5,9.0259E-24
1781.6,9.0452E-24
1785.8,9.0645E-24
1789.9,9.0838E-24
1794,9.1033E-24
1798.1,9.1227E-24
1802.3,9.1422E-24
1806.4,9.1618E-24
1810.6,9.1814E-24
1814.8,9.2011E-24
1819,9.2208E-24
1823.2,9.2405E-24
1827.4,9.2603E-24
1831.6,9.2802E-24
1835.8,9.3001E-24
1840,9.3201E-24
1844.3,9.3401E-24
1848.5,9.3601E-24
1852.8,9.3803E-24
1857.1,9.4004E-24
1861.3,9.4206E-24
1865.6,9.4409E-24
1869.9,9.4612E-24
1874.3,9.4816E-24
1878.6,9.502E-24
1882.9,9.5224E-24
1887.2,9.5429E-24
1891.6,9.5635E-24
1896,9.5841E-24
1900.3,9.6048E-24
1904.7,9.6255E-24
1909.1,9.6463E-24
1913.5,9.6671E-24
1917.9,9.688E-24
1922.3,9.7089E-24
1926.8,9.7299E-24
1931.2,9.7509E-24
1935.7,9.772E-24
1940.1,9.7931E-24
1944.6,9.8143E-24
1949.1,9.8356E-24
1953.6,9.8569E-24
1958.1,9.8782E-24
1962.6,9.8996E-24
1967.1,9.9211E-24
1971.7,9.9426E-24
1976.2,9.9641E-24
1980.8,9.9857E-24
1985.3,1.0011E-23
1989.9,1.0029E-23
1994.5,1.0051E-23
1999.1,1.0073E-23
2003.7,1.0095E-23
2008.3,1.0117E-23
2013,1.0139E-23
2017.6,1.0161E-23
2022.3,1.0183E-23
2026.9,1.0205E-23
2031.6,1.0227E-23
2036.3,1.0249E-23
2041,1.0272E-23
2045.7,1.0294E-23
2050.4,1.0316E-23
2055.1,1.0339E-23
2059.9,1.0361E-23
2064.6,1.0384E-23
2069.4,1.0407E-23
2074.2,1.0429E-23
2078.9,1.0452E-23
2083.7,1.0475E-23
2088.5,1.0498E-23
2093.4,1.0521E-23
2098.2,1.0544E-23
2103,1.0567E-23
2107.9,1.059E-23
2112.7,1.0613E-23
2117.6,1.0636E-23
2122.5,1.0659E-23
2127.4,1.0683E-23
2132.3,1.0706E-23
2137.2,1.073E-23
2142.1,1.0753E-23
2147.1,1.0777E-23
2152,1.08E-23
2157,1.0824E-23
2162,1.0848E-23
2167,1.0871E-23
2171.9,1.0895E-23
2177,1.0919E-23
2182,1.0943E-23
2187,1.0967E-23
2192.1,1.0991E-23
2197.1,1.1015E-23
2202.2,1.104E-23
2207.3,1.1064E-23
2212.3,1.1088E-23
2217.4,1.1113E-23
2222.6,1.1137E-23
2227.7,1.1161E-23
2232.8,1.1186E-23
2238,1.1211E-23
2243.1,1.1235E-23
2248.3,1.126E-23
2253.5,1.1285E-23
2258.7,1.131E-23
2263.9,1.1335E-23
2269.1,1.136E-23
2274.3,1.1385E-23
2279.6,1.141E-23
2284.8,1.1435E-23
2290.1,1.146E-23
2295.4,1.1485E-23
2300.7,1.1511E-23
2306,1.1536E-23
2311.3,1.1562E-23
2316.6,1.1587E-23
2322,1.1613E-23
2327.3,1.1638E-23
2332.7,1.1664E-23
2338.1,1.169E-23
2343.5,1.1716E-23
2348.9,1.1742E-23
2354.3,1.1768E-23
2359.7,1.1794E-23
2365.2,1.182E-23
2370.6,1.1846E-23
2376.1,1.1872E-23
2381.6,1.1898E-23
2387.1,1.1925E-23
2392.6,1.1951E-23
2398.1,1.1978E-23
2403.6,1.2004E-23
2409.2,1.2031E-23
2414.7,1.2057E-23
2420.3,1.2084E-23
2425.9,1.2111E-23
2431.5,1.2138E-23
2437.1,1.2165E-23
2442.7,1.2192E-23
2448.3,1.2219E-23
2454,1.2246E-23
2459.6,1.2273E-23
2465.3,1.23E-23
2471,1.2328E-23
2476.7,1.2355E-23
2482.4,1.2384E-23
2488.1,1.241E-23
2493.8,1.2437E-23
2499.6,1.2465E-23
2505.4,1.2493E-23
2511.1,1.2521E-23
2516.9,1.2548E-23
2522.7,1.2576E-23
2528.5,1.2604E-23
2534.4,1.2632E-23
2540.2,1.2661E-23
2546.1,1.2689E-23
2552,1.2717E-23
2557.8,1.2745E-23
2563.7,1.2774E-23
2569.6,1.2802E-23
2575.6,1.2831E-23
2581.5,1.2859E-23
2587.5,1.2888E-23
2593.4,1.2917E-23
2599.4,1.2945E-23
2605.4,1.2974E-23
2611.4,1.3003E-23
2617.4,1.3032E-23
2623.5,1.3061E-23
2629.5,1.309E-23
2635.6,1.312E-23
2641.7,1.3149E-23
2647.8,1.3178E-23
2653.9,1.3208E-23
2660,1.3237E-23
2666.1,1.3267E-23
2672.3,1.3296E-23
2678.4,1.3326E-23
2684.6,1.3356E-23
2690.8,1.3386E-23
2697,1.3416E-23
2703.2,1.3446E-23
2709.5,1.3476E-23
2715.7,1.3506E-23
2722,1.3536E-23
2728.2,1.3566E-23
2734.5,1.3597E-23
2740.8,1.3627E-23
2747.2,1.3658E-23
2753.5,1.3688E-23
2759.8,1.3719E-23
2766.2,1.375E-23
2772.6,1.3781E-23
2779,1.3811E-23
2785.4,1.3842E-23
2791.8,1.3873E-23
2798.2,1.3904E-23
2804.7,1.3936E-23
2811.2,1.3967E-23
2817.6,1.3998E-23
2824.1,1.403E-23
2830.7,1.4061E-23
2837.2,1.4093E-23
2843.7,1.4124E-23
2850.3,1.4156E-23
2856.9,1.4188E-23
2863.4,1.422E-23
2870.1,1.4251E-23
2876.7,1.4283E-23
2883.3,1.4316E-23
2890,1.4348E-23
2896.6,1.438E-23
2903.3,1.4412E-23
2910,1.4445E-23
2916.7,1.4477E-23
2923.4,1.451E-23
2930.2,1.4542E-23
2936.9,1.4575E-23
2943.7,1.4608E-23
2950.5,1.4641E-23
2957.3,1.4673E-23
2964.1,1.4706E-23
2970.9,1.474E-23
2977.8,1.4773E-23
2984.7,1.4806E-23
2991.5,1.4839E-23
2998.4,1.4873E-23
3005.4,1.4906E-23
3012.3,1.494E-23
3019.2,1.4973E-23
3026.2,1.5007E-23
3033.2,1.5041E-23
3040.2,1.5075E-23
3047.2,1.5109E-23
3054.2,1.5143E-23
3061.3,1.5177E-23
3068.3,1.5211E-23
3075.4,1.5245E-23
3082.5,1.528E-23
3089.6,1.5314E-23
3096.7,1.5349E-23
3103.9,1.5383E-23
3111,1.5418E-23
3118.2,1.5453E-23
3125.4,1.5488E-23
3132.6,1.5523E-23
3139.8,1.5558E-23
3147,1.5593E-23
3154.3,1.5628E-23
3161.6,1.5663E-23
3168.9,1.5699E-23
3176.2,1.5734E-23
3183.5,1.577E-23
3190.8,1.5805E-23
3198.2,1.5841E-23
3205.6,1.5877E-23
3213,1.5913E-23
3220.4,1.5949E-23
3227.8,1.5985E-23
3235.2,1.6021E-23
3242.7,1.6057E-23
3250.2,1.6093E-23
3257.7,1.613E-23
3265.2,1.6166E-23
3272.7,1.6203E-23
3280.3,1.6239E-23
3287.8,1.6276E-23
3295.4,1.6313E-23
3303,1.635E-23
3310.6,1.6387E-23
3318.3,1.6424E-23
3325.9,1.6461E-23
3333.6,1.6498E-23
3341.3,1.6536E-23
3349,1.6573E-23
3356.7,1.6611E-23
3364.4,1.6648E-23
3372.2,1.6686E-23
3380,1.6724E-23
3387.8,1.6762E-23
3395.6,1.6799E-23
3403.4,1.6838E-23
3411.3,1.6876E-23
3419.1,1.6914E-23
3427,1.6952E-23
3434.9,1.6991E-23
3442.8,1.7029E-23
3450.8,1.7068E-23
3458.7,1.7106E-23
3466.7,1.7145E-23
3474.7,1.7225E-23
3482.7,1.7223E-23
3490.7,1.7262E-23
3498.8,1.7301E-23
3506.9,1.7341E-23
3514.9,1.738E-23
3523.1,1.7419E-23
3531.2,1.7459E-23
3539.3,1.7499E-23
3547.5,1.7538E-23
3555.7,1.7578E-23
3563.9,1.7618E-23
3572.1,1.7658E-23
3580.3,1.7698E-23
3588.6,1.7738E-23
3596.8,1.7778E-23
3605.1,1.7819E-23
3613.5,1.7859E-23
3621.8,1.79E-23
3630.1,1.7941E-23
3638.5,1.7981E-23
3646.9,1.8022E-23
3655.3,1.8063E-23
3663.7,1.8104E-23
3672.2,1.8145E-23
3680.7,1.8187E-23
3689.1,1.8228E-23
3697.7,1.8269E-23
3706.2,1.8311E-23
3714.7,1.8353E-23
3723.3,1.8394E-23
3731.9,1.8436E-23
3740.5,1.8478E-23
3749.1,1.852E-23
3757.8,1.8562E-23
3766.4,1.8604E-23
3775.1,1.8647E-23
3783.8,1.8689E-23
3792.5,1.8732E-23
3801.3,1.8774E-23
3810,1.8817E-23
3818.8,1.886E-23
3827.6,1.8903E-23
3836.5,1.8946E-23
3845.3,1.8989E-23
3854.2,1.9032E-23
3863.1,1.9076E-23
3872,1.9119E-23
3880.9,1.9163E-23
3889.9,1.9206E-23
3898.8,1.925E-23
3907.8,1.9294E-23
3916.8,1.9338E-23
3925.9,1.9382E-23
3934.9,1.9426E-23
3944,1.947E-23
3953.1,1.9515E-23
3962.2,1.9559E-23
3971.3,1.9604E-23
3980.5,1.9648E-23
3989.7,1.9693E-23
3998.9,1.9738E-23
4008.1,1.9783E-23
4017.3,1.9828E-23
4026.6,1.9873E-23
4035.9,1.9919E-23
4045.2,1.9964E-23
4054.5,2.001E-23
4063.9,2.0055E-23
4073.2,2.0101E-23
4082.6,2.0147E-23
4092.1,2.0193E-23
4101.5,2.0239E-23
4110.9,2.0285E-23
4120.4,2.0332E-23
4129.9,2.0378E-23
4139.5,2.0424E-23
4149,2.0471E-23
4158.6,2.0518E-23
4168.2,2.0565E-23
4177.8,2.0612E-23
4187.4,2.0659E-23
4197.1,2.0706E-23
4206.7,2.0753E-23
4216.4,2.0801E-23
4226.2,2.0848E-23
4235.9,2.0896E-23
4245.7,2.0943E-23
4255.5,2.0991E-23
4265.3,2.1039E-23
4275.1,2.1087E-23
4285,2.1136E-23
4294.8,2.1184E-23
4304.8,2.1232E-23
4314.7,2.1281E-23
4324.6,2.1329E-23
4334.6,2.1378E-23
4344.6,2.1427E-23
4354.6,2.1476E-23
4364.7,2.1525E-23
4374.7,2.1574E-23
4384.8,2.1624E-23
4394.9,2.1673E-23
4405.1,2.1723E-23
4415.2,2.1772E-23
4425.4,2.1822E-23
4435.6,2.1872E-23
4445.8,2.1922E-23
4456.1,2.1972E-23
4466.4,2.2023E-23
4476.7,2.2073E-23
4487,2.2124E-23
4497.3,2.2174E-23
4507.7,2.2225E-23
4518.1,2.2276E-23
4528.5,2.2327E-23
4539,2.2378E-23
4549.4,2.2429E-23
4559.9,2.248E-23
4570.4,2.2532E-23
4581,2.2584E-23
4591.5,2.2635E-23
4602.1,2.2687E-23
4612.7,2.2739E-23
4623.4,2.2791E-23
4634,2.2843E-23
4644.7,2.2896E-23
4655.4,2.2948E-23
4666.2,2.3001E-23
4676.9,2.3053E-23
4687.7,2.3106E-23
4698.5,2.3159E-23
4709.4,2.3212E-23
4720.2,2.3265E-23
4731.1,2.3319E-23
4742,2.3372E-23
4752.9,2.3426E-23
4763.9,2.3479E-23
4774.9,2.3533E-23
4785.9,2.3587E-23
4796.9,2.3641E-23
4808,2.3695E-23
4819.1,2.375E-23
4830.2,2.3804E-23
4841.3,2.3859E-23
4852.5,2.3914E-23
4863.7,2.3968E-23
4874.9,2.4023E-23
4886.1,2.4079E-23
4897.4,2.4134E-23
4908.7,2.4189E-23
4920,2.4245E-23
4931.4,2.43E-23
4942.7,2.4356E-23
4954.1,2.4412E-23
4965.6,2.4468E-23
4977,2.4524E-23
4988.5,2.458E-23
5000,2.4637E-23
